Natural,Familiar,Category,Path
TRUE,TRUE,butterfly,F:\sketchy_dataset_photocues\tx_000100000000\butterfly\n02274259_4692.jpg
TRUE,TRUE,butterfly,F:\sketchy_dataset_photocues\tx_000100000000\butterfly\n02274259_4768.jpg
TRUE,TRUE,butterfly,F:\sketchy_dataset_photocues\tx_000100000000\butterfly\n02274259_4997.jpg
TRUE,TRUE,butterfly,F:\sketchy_dataset_photocues\tx_000100000000\butterfly\n02274259_5361.jpg
TRUE,TRUE,butterfly,F:\sketchy_dataset_photocues\tx_000100000000\butterfly\n02274259_6447.jpg
TRUE,TRUE,butterfly,F:\sketchy_dataset_photocues\tx_000100000000\butterfly\n02274259_6491.jpg
TRUE,TRUE,butterfly,F:\sketchy_dataset_photocues\tx_000100000000\butterfly\n02274259_6495.jpg
TRUE,TRUE,butterfly,F:\sketchy_dataset_photocues\tx_000100000000\butterfly\n02274259_6688.jpg
TRUE,TRUE,butterfly,F:\sketchy_dataset_photocues\tx_000100000000\butterfly\n02274259_7472.jpg
TRUE,TRUE,butterfly,F:\sketchy_dataset_photocues\tx_000100000000\butterfly\n02274259_7999.jpg
TRUE,TRUE,butterfly,F:\sketchy_dataset_photocues\tx_000100000000\butterfly\n02274259_9773.jpg
TRUE,TRUE,butterfly,F:\sketchy_dataset_photocues\tx_000100000000\butterfly\n02274259_9895.jpg
TRUE,TRUE,butterfly,F:\sketchy_dataset_photocues\tx_000100000000\butterfly\n02274259_11032.jpg
TRUE,TRUE,butterfly,F:\sketchy_dataset_photocues\tx_000100000000\butterfly\n02274259_11136.jpg
TRUE,TRUE,butterfly,F:\sketchy_dataset_photocues\tx_000100000000\butterfly\n02274259_13622.jpg
TRUE,TRUE,butterfly,F:\sketchy_dataset_photocues\tx_000100000000\butterfly\n02274259_14493.jpg
TRUE,TRUE,butterfly,F:\sketchy_dataset_photocues\tx_000100000000\butterfly\n02274259_14699.jpg
TRUE,TRUE,butterfly,F:\sketchy_dataset_photocues\tx_000100000000\butterfly\n02274259_14994.jpg
TRUE,TRUE,butterfly,F:\sketchy_dataset_photocues\tx_000100000000\butterfly\n02274259_15293.jpg
TRUE,TRUE,butterfly,F:\sketchy_dataset_photocues\tx_000100000000\butterfly\n02274259_18407.jpg
TRUE,TRUE,butterfly,F:\sketchy_dataset_photocues\tx_000100000000\butterfly\n02274259_19084.jpg
TRUE,TRUE,butterfly,F:\sketchy_dataset_photocues\tx_000100000000\butterfly\n02274259_19407.jpg
TRUE,TRUE,butterfly,F:\sketchy_dataset_photocues\tx_000100000000\butterfly\n02274259_19520.jpg
TRUE,TRUE,butterfly,F:\sketchy_dataset_photocues\tx_000100000000\butterfly\n02274259_19577.jpg
TRUE,TRUE,butterfly,F:\sketchy_dataset_photocues\tx_000100000000\butterfly\n02274259_20043.jpg
TRUE,TRUE,butterfly,F:\sketchy_dataset_photocues\tx_000100000000\butterfly\n02274259_20053.jpg
TRUE,TRUE,butterfly,F:\sketchy_dataset_photocues\tx_000100000000\butterfly\n02274259_21905.jpg
TRUE,TRUE,butterfly,F:\sketchy_dataset_photocues\tx_000100000000\butterfly\n02274259_22285.jpg
TRUE,TRUE,butterfly,F:\sketchy_dataset_photocues\tx_000100000000\butterfly\n02274259_22869.jpg
TRUE,TRUE,butterfly,F:\sketchy_dataset_photocues\tx_000100000000\butterfly\n02274259_23286.jpg
TRUE,TRUE,butterfly,F:\sketchy_dataset_photocues\tx_000100000000\butterfly\n02274259_23851.jpg
TRUE,TRUE,butterfly,F:\sketchy_dataset_photocues\tx_000100000000\butterfly\n02274259_23859.jpg
TRUE,TRUE,cat,F:\sketchy_dataset_photocues\tx_000100000000\cat\n02121620_51.jpg
TRUE,TRUE,cat,F:\sketchy_dataset_photocues\tx_000100000000\cat\n02121620_262.jpg
TRUE,TRUE,cat,F:\sketchy_dataset_photocues\tx_000100000000\cat\n02121620_665.jpg
TRUE,TRUE,cat,F:\sketchy_dataset_photocues\tx_000100000000\cat\n02121620_1118.jpg
TRUE,TRUE,cat,F:\sketchy_dataset_photocues\tx_000100000000\cat\n02121620_1506.jpg
TRUE,TRUE,cat,F:\sketchy_dataset_photocues\tx_000100000000\cat\n02121620_1627.jpg
TRUE,TRUE,cat,F:\sketchy_dataset_photocues\tx_000100000000\cat\n02121620_2158.jpg
TRUE,TRUE,cat,F:\sketchy_dataset_photocues\tx_000100000000\cat\n02121620_2212.jpg
TRUE,TRUE,cat,F:\sketchy_dataset_photocues\tx_000100000000\cat\n02121620_2925.jpg
TRUE,TRUE,cat,F:\sketchy_dataset_photocues\tx_000100000000\cat\n02121620_3323.jpg
TRUE,TRUE,cat,F:\sketchy_dataset_photocues\tx_000100000000\cat\n02121620_4026.jpg
TRUE,TRUE,cat,F:\sketchy_dataset_photocues\tx_000100000000\cat\n02121620_4700.jpg
TRUE,TRUE,cat,F:\sketchy_dataset_photocues\tx_000100000000\cat\n02121620_4903.jpg
TRUE,TRUE,cat,F:\sketchy_dataset_photocues\tx_000100000000\cat\n02121620_5062.jpg
TRUE,TRUE,cat,F:\sketchy_dataset_photocues\tx_000100000000\cat\n02121620_5079.jpg
TRUE,TRUE,cat,F:\sketchy_dataset_photocues\tx_000100000000\cat\n02121620_5319.jpg
TRUE,TRUE,cat,F:\sketchy_dataset_photocues\tx_000100000000\cat\n02121620_5361.jpg
TRUE,TRUE,cat,F:\sketchy_dataset_photocues\tx_000100000000\cat\n02121620_8873.jpg
TRUE,TRUE,cat,F:\sketchy_dataset_photocues\tx_000100000000\cat\n02121620_9603.jpg
TRUE,TRUE,cat,F:\sketchy_dataset_photocues\tx_000100000000\cat\n02121620_13243.jpg
TRUE,TRUE,cat,F:\sketchy_dataset_photocues\tx_000100000000\cat\n02121620_13437.jpg
TRUE,TRUE,cat,F:\sketchy_dataset_photocues\tx_000100000000\cat\n02121620_14221.jpg
TRUE,TRUE,cat,F:\sketchy_dataset_photocues\tx_000100000000\cat\n02121620_19341.jpg
TRUE,TRUE,cat,F:\sketchy_dataset_photocues\tx_000100000000\cat\n02121620_19963.jpg
TRUE,TRUE,cat,F:\sketchy_dataset_photocues\tx_000100000000\cat\n02121620_22081.jpg
TRUE,TRUE,cat,F:\sketchy_dataset_photocues\tx_000100000000\cat\n02121620_26845.jpg
TRUE,TRUE,cat,F:\sketchy_dataset_photocues\tx_000100000000\cat\n02121620_27043.jpg
TRUE,TRUE,cat,F:\sketchy_dataset_photocues\tx_000100000000\cat\n02121620_29401.jpg
TRUE,TRUE,cat,F:\sketchy_dataset_photocues\tx_000100000000\cat\n02121620_31930.jpg
TRUE,TRUE,cat,F:\sketchy_dataset_photocues\tx_000100000000\cat\n02121620_32013.jpg
TRUE,TRUE,cat,F:\sketchy_dataset_photocues\tx_000100000000\cat\n02121620_32053.jpg
TRUE,TRUE,cat,F:\sketchy_dataset_photocues\tx_000100000000\cat\n02121620_33298.jpg
TRUE,TRUE,fish,F:\sketchy_dataset_photocues\tx_000100000000\fish\n01447331_2001.jpg
TRUE,TRUE,fish,F:\sketchy_dataset_photocues\tx_000100000000\fish\n02513560_1911.jpg
TRUE,TRUE,fish,F:\sketchy_dataset_photocues\tx_000100000000\fish\n02513560_5604.jpg
TRUE,TRUE,fish,F:\sketchy_dataset_photocues\tx_000100000000\fish\n02513560_6999.jpg
TRUE,TRUE,fish,F:\sketchy_dataset_photocues\tx_000100000000\fish\n02513560_8353.jpg
TRUE,TRUE,fish,F:\sketchy_dataset_photocues\tx_000100000000\fish\n02514041_1715.jpg
TRUE,TRUE,fish,F:\sketchy_dataset_photocues\tx_000100000000\fish\n02537525_548.jpg
TRUE,TRUE,fish,F:\sketchy_dataset_photocues\tx_000100000000\fish\n02539424_2662.jpg
TRUE,TRUE,fish,F:\sketchy_dataset_photocues\tx_000100000000\fish\n02542958_6642.jpg
TRUE,TRUE,fish,F:\sketchy_dataset_photocues\tx_000100000000\fish\n02567633_6593.jpg
TRUE,TRUE,fish,F:\sketchy_dataset_photocues\tx_000100000000\fish\n02605316_250.jpg
TRUE,TRUE,fish,F:\sketchy_dataset_photocues\tx_000100000000\fish\n02605316_777.jpg
TRUE,TRUE,fish,F:\sketchy_dataset_photocues\tx_000100000000\fish\n02605316_1964.jpg
TRUE,TRUE,fish,F:\sketchy_dataset_photocues\tx_000100000000\fish\n02605316_3648.jpg
TRUE,TRUE,fish,F:\sketchy_dataset_photocues\tx_000100000000\fish\n02605316_3754.jpg
TRUE,TRUE,fish,F:\sketchy_dataset_photocues\tx_000100000000\fish\n02606052_4099.jpg
TRUE,TRUE,fish,F:\sketchy_dataset_photocues\tx_000100000000\fish\n02606052_5120.jpg
TRUE,TRUE,fish,F:\sketchy_dataset_photocues\tx_000100000000\fish\n02607072_729.jpg
TRUE,TRUE,fish,F:\sketchy_dataset_photocues\tx_000100000000\fish\n02607072_3296.jpg
TRUE,TRUE,fish,F:\sketchy_dataset_photocues\tx_000100000000\fish\n02607072_3422.jpg
TRUE,TRUE,fish,F:\sketchy_dataset_photocues\tx_000100000000\fish\n02607072_4784.jpg
TRUE,TRUE,fish,F:\sketchy_dataset_photocues\tx_000100000000\fish\n02607072_4957.jpg
TRUE,TRUE,fish,F:\sketchy_dataset_photocues\tx_000100000000\fish\n02607072_5238.jpg
TRUE,TRUE,fish,F:\sketchy_dataset_photocues\tx_000100000000\fish\n02607072_5431.jpg
TRUE,TRUE,fish,F:\sketchy_dataset_photocues\tx_000100000000\fish\n02631628_358.jpg
TRUE,TRUE,fish,F:\sketchy_dataset_photocues\tx_000100000000\fish\n02641379_8109.jpg
TRUE,TRUE,fish,F:\sketchy_dataset_photocues\tx_000100000000\fish\n02643566_1808.jpg
TRUE,TRUE,fish,F:\sketchy_dataset_photocues\tx_000100000000\fish\n02643566_5843.jpg
TRUE,TRUE,fish,F:\sketchy_dataset_photocues\tx_000100000000\fish\n02655020_4420.jpg
TRUE,TRUE,fish,F:\sketchy_dataset_photocues\tx_000100000000\fish\n02655020_5884.jpg
TRUE,TRUE,fish,F:\sketchy_dataset_photocues\tx_000100000000\fish\n02655020_6995.jpg
TRUE,TRUE,fish,F:\sketchy_dataset_photocues\tx_000100000000\fish\n02655020_17738.jpg
TRUE,TRUE,flower,F:\sketchy_dataset_photocues\tx_000100000000\flower\n11669921_15273.jpg
TRUE,TRUE,flower,F:\sketchy_dataset_photocues\tx_000100000000\flower\n11669921_15545.jpg
TRUE,TRUE,flower,F:\sketchy_dataset_photocues\tx_000100000000\flower\n11669921_15563.jpg
TRUE,TRUE,flower,F:\sketchy_dataset_photocues\tx_000100000000\flower\n11669921_15798.jpg
TRUE,TRUE,flower,F:\sketchy_dataset_photocues\tx_000100000000\flower\n11669921_19316.jpg
TRUE,TRUE,flower,F:\sketchy_dataset_photocues\tx_000100000000\flower\n11669921_20438.jpg
TRUE,TRUE,flower,F:\sketchy_dataset_photocues\tx_000100000000\flower\n11669921_20817.jpg
TRUE,TRUE,flower,F:\sketchy_dataset_photocues\tx_000100000000\flower\n11669921_21097.jpg
TRUE,TRUE,flower,F:\sketchy_dataset_photocues\tx_000100000000\flower\n11669921_22380.jpg
TRUE,TRUE,flower,F:\sketchy_dataset_photocues\tx_000100000000\flower\n11669921_23083.jpg
TRUE,TRUE,flower,F:\sketchy_dataset_photocues\tx_000100000000\flower\n11669921_24149.jpg
TRUE,TRUE,flower,F:\sketchy_dataset_photocues\tx_000100000000\flower\n11669921_25123.jpg
TRUE,TRUE,flower,F:\sketchy_dataset_photocues\tx_000100000000\flower\n11669921_25300.jpg
TRUE,TRUE,flower,F:\sketchy_dataset_photocues\tx_000100000000\flower\n11669921_25691.jpg
TRUE,TRUE,flower,F:\sketchy_dataset_photocues\tx_000100000000\flower\n11669921_25804.jpg
TRUE,TRUE,flower,F:\sketchy_dataset_photocues\tx_000100000000\flower\n11669921_26456.jpg
TRUE,TRUE,flower,F:\sketchy_dataset_photocues\tx_000100000000\flower\n11669921_26824.jpg
TRUE,TRUE,flower,F:\sketchy_dataset_photocues\tx_000100000000\flower\n11669921_27425.jpg
TRUE,TRUE,flower,F:\sketchy_dataset_photocues\tx_000100000000\flower\n11669921_28473.jpg
TRUE,TRUE,flower,F:\sketchy_dataset_photocues\tx_000100000000\flower\n11669921_29410.jpg
TRUE,TRUE,flower,F:\sketchy_dataset_photocues\tx_000100000000\flower\n11669921_29931.jpg
TRUE,TRUE,flower,F:\sketchy_dataset_photocues\tx_000100000000\flower\n11669921_31218.jpg
TRUE,TRUE,flower,F:\sketchy_dataset_photocues\tx_000100000000\flower\n11669921_31699.jpg
TRUE,TRUE,flower,F:\sketchy_dataset_photocues\tx_000100000000\flower\n11669921_38200.jpg
TRUE,TRUE,flower,F:\sketchy_dataset_photocues\tx_000100000000\flower\n11939491_5852.jpg
TRUE,TRUE,flower,F:\sketchy_dataset_photocues\tx_000100000000\flower\n11939491_10565.jpg
TRUE,TRUE,flower,F:\sketchy_dataset_photocues\tx_000100000000\flower\n11939491_28275.jpg
TRUE,TRUE,flower,F:\sketchy_dataset_photocues\tx_000100000000\flower\n11939491_43188.jpg
TRUE,TRUE,flower,F:\sketchy_dataset_photocues\tx_000100000000\flower\n11939491_57160.jpg
TRUE,TRUE,flower,F:\sketchy_dataset_photocues\tx_000100000000\flower\n11939491_57171.jpg
TRUE,TRUE,flower,F:\sketchy_dataset_photocues\tx_000100000000\flower\n11978713_1811.jpg
TRUE,TRUE,flower,F:\sketchy_dataset_photocues\tx_000100000000\flower\n11978713_3954.jpg
TRUE,TRUE,mushroom,F:\sketchy_dataset_photocues\tx_000100000000\mushroom\n12997919_53.jpg
TRUE,TRUE,mushroom,F:\sketchy_dataset_photocues\tx_000100000000\mushroom\n12997919_84.jpg
TRUE,TRUE,mushroom,F:\sketchy_dataset_photocues\tx_000100000000\mushroom\n12997919_152.jpg
TRUE,TRUE,mushroom,F:\sketchy_dataset_photocues\tx_000100000000\mushroom\n12997919_758.jpg
TRUE,TRUE,mushroom,F:\sketchy_dataset_photocues\tx_000100000000\mushroom\n12997919_1331.jpg
TRUE,TRUE,mushroom,F:\sketchy_dataset_photocues\tx_000100000000\mushroom\n12997919_1514.jpg
TRUE,TRUE,mushroom,F:\sketchy_dataset_photocues\tx_000100000000\mushroom\n12997919_1844.jpg
TRUE,TRUE,mushroom,F:\sketchy_dataset_photocues\tx_000100000000\mushroom\n12997919_2075.jpg
TRUE,TRUE,mushroom,F:\sketchy_dataset_photocues\tx_000100000000\mushroom\n12997919_2713.jpg
TRUE,TRUE,mushroom,F:\sketchy_dataset_photocues\tx_000100000000\mushroom\n12997919_2775.jpg
TRUE,TRUE,mushroom,F:\sketchy_dataset_photocues\tx_000100000000\mushroom\n12997919_3128.jpg
TRUE,TRUE,mushroom,F:\sketchy_dataset_photocues\tx_000100000000\mushroom\n12997919_3129.jpg
TRUE,TRUE,mushroom,F:\sketchy_dataset_photocues\tx_000100000000\mushroom\n12997919_3182.jpg
TRUE,TRUE,mushroom,F:\sketchy_dataset_photocues\tx_000100000000\mushroom\n12997919_3413.jpg
TRUE,TRUE,mushroom,F:\sketchy_dataset_photocues\tx_000100000000\mushroom\n12997919_4087.jpg
TRUE,TRUE,mushroom,F:\sketchy_dataset_photocues\tx_000100000000\mushroom\n12997919_4127.jpg
TRUE,TRUE,mushroom,F:\sketchy_dataset_photocues\tx_000100000000\mushroom\n12997919_5370.jpg
TRUE,TRUE,mushroom,F:\sketchy_dataset_photocues\tx_000100000000\mushroom\n12997919_5425.jpg
TRUE,TRUE,mushroom,F:\sketchy_dataset_photocues\tx_000100000000\mushroom\n12997919_5616.jpg
TRUE,TRUE,mushroom,F:\sketchy_dataset_photocues\tx_000100000000\mushroom\n12997919_5723.jpg
TRUE,TRUE,mushroom,F:\sketchy_dataset_photocues\tx_000100000000\mushroom\n12997919_5808.jpg
TRUE,TRUE,mushroom,F:\sketchy_dataset_photocues\tx_000100000000\mushroom\n12997919_5811.jpg
TRUE,TRUE,mushroom,F:\sketchy_dataset_photocues\tx_000100000000\mushroom\n12997919_6275.jpg
TRUE,TRUE,mushroom,F:\sketchy_dataset_photocues\tx_000100000000\mushroom\n12997919_7227.jpg
TRUE,TRUE,mushroom,F:\sketchy_dataset_photocues\tx_000100000000\mushroom\n12997919_7536.jpg
TRUE,TRUE,mushroom,F:\sketchy_dataset_photocues\tx_000100000000\mushroom\n12997919_7658.jpg
TRUE,TRUE,mushroom,F:\sketchy_dataset_photocues\tx_000100000000\mushroom\n12998815_1770.jpg
TRUE,TRUE,mushroom,F:\sketchy_dataset_photocues\tx_000100000000\mushroom\n12998815_3690.jpg
TRUE,TRUE,mushroom,F:\sketchy_dataset_photocues\tx_000100000000\mushroom\n12998815_11513.jpg
TRUE,TRUE,mushroom,F:\sketchy_dataset_photocues\tx_000100000000\mushroom\n12998815_12776.jpg
TRUE,TRUE,mushroom,F:\sketchy_dataset_photocues\tx_000100000000\mushroom\n12998815_19361.jpg
TRUE,TRUE,mushroom,F:\sketchy_dataset_photocues\tx_000100000000\mushroom\n12998815_23240.jpg
TRUE,TRUE,raccoon,F:\sketchy_dataset_photocues\tx_000100000000\raccoon\n02508021_72.jpg
TRUE,TRUE,raccoon,F:\sketchy_dataset_photocues\tx_000100000000\raccoon\n02508021_234.jpg
TRUE,TRUE,raccoon,F:\sketchy_dataset_photocues\tx_000100000000\raccoon\n02508021_344.jpg
TRUE,TRUE,raccoon,F:\sketchy_dataset_photocues\tx_000100000000\raccoon\n02508021_546.jpg
TRUE,TRUE,raccoon,F:\sketchy_dataset_photocues\tx_000100000000\raccoon\n02508021_580.jpg
TRUE,TRUE,raccoon,F:\sketchy_dataset_photocues\tx_000100000000\raccoon\n02508021_975.jpg
TRUE,TRUE,raccoon,F:\sketchy_dataset_photocues\tx_000100000000\raccoon\n02508021_1077.jpg
TRUE,TRUE,raccoon,F:\sketchy_dataset_photocues\tx_000100000000\raccoon\n02508021_1294.jpg
TRUE,TRUE,raccoon,F:\sketchy_dataset_photocues\tx_000100000000\raccoon\n02508021_1306.jpg
TRUE,TRUE,raccoon,F:\sketchy_dataset_photocues\tx_000100000000\raccoon\n02508021_1522.jpg
TRUE,TRUE,raccoon,F:\sketchy_dataset_photocues\tx_000100000000\raccoon\n02508021_1606.jpg
TRUE,TRUE,raccoon,F:\sketchy_dataset_photocues\tx_000100000000\raccoon\n02508021_2437.jpg
TRUE,TRUE,raccoon,F:\sketchy_dataset_photocues\tx_000100000000\raccoon\n02508021_2650.jpg
TRUE,TRUE,raccoon,F:\sketchy_dataset_photocues\tx_000100000000\raccoon\n02508021_3290.jpg
TRUE,TRUE,raccoon,F:\sketchy_dataset_photocues\tx_000100000000\raccoon\n02508021_3812.jpg
TRUE,TRUE,raccoon,F:\sketchy_dataset_photocues\tx_000100000000\raccoon\n02508021_4383.jpg
TRUE,TRUE,raccoon,F:\sketchy_dataset_photocues\tx_000100000000\raccoon\n02508021_5112.jpg
TRUE,TRUE,raccoon,F:\sketchy_dataset_photocues\tx_000100000000\raccoon\n02508021_5558.jpg
TRUE,TRUE,raccoon,F:\sketchy_dataset_photocues\tx_000100000000\raccoon\n02508021_6078.jpg
TRUE,TRUE,raccoon,F:\sketchy_dataset_photocues\tx_000100000000\raccoon\n02508021_6142.jpg
TRUE,TRUE,raccoon,F:\sketchy_dataset_photocues\tx_000100000000\raccoon\n02508021_6246.jpg
TRUE,TRUE,raccoon,F:\sketchy_dataset_photocues\tx_000100000000\raccoon\n02508021_8575.jpg
TRUE,TRUE,raccoon,F:\sketchy_dataset_photocues\tx_000100000000\raccoon\n02508021_10708.jpg
TRUE,TRUE,raccoon,F:\sketchy_dataset_photocues\tx_000100000000\raccoon\n02508021_11237.jpg
TRUE,TRUE,raccoon,F:\sketchy_dataset_photocues\tx_000100000000\raccoon\n02508021_11409.jpg
TRUE,TRUE,raccoon,F:\sketchy_dataset_photocues\tx_000100000000\raccoon\n02508021_11569.jpg
TRUE,TRUE,raccoon,F:\sketchy_dataset_photocues\tx_000100000000\raccoon\n02508021_12465.jpg
TRUE,TRUE,raccoon,F:\sketchy_dataset_photocues\tx_000100000000\raccoon\n02508021_12996.jpg
TRUE,TRUE,raccoon,F:\sketchy_dataset_photocues\tx_000100000000\raccoon\n02508021_13897.jpg
TRUE,TRUE,raccoon,F:\sketchy_dataset_photocues\tx_000100000000\raccoon\n02508021_15766.jpg
TRUE,TRUE,raccoon,F:\sketchy_dataset_photocues\tx_000100000000\raccoon\n02508021_16643.jpg
TRUE,TRUE,raccoon,F:\sketchy_dataset_photocues\tx_000100000000\raccoon\n02508021_16707.jpg
TRUE,TRUE,squirrel,F:\sketchy_dataset_photocues\tx_000100000000\squirrel\n02355227_132.jpg
TRUE,TRUE,squirrel,F:\sketchy_dataset_photocues\tx_000100000000\squirrel\n02355227_281.jpg
TRUE,TRUE,squirrel,F:\sketchy_dataset_photocues\tx_000100000000\squirrel\n02355227_2164.jpg
TRUE,TRUE,squirrel,F:\sketchy_dataset_photocues\tx_000100000000\squirrel\n02355227_3060.jpg
TRUE,TRUE,squirrel,F:\sketchy_dataset_photocues\tx_000100000000\squirrel\n02355227_3079.jpg
TRUE,TRUE,squirrel,F:\sketchy_dataset_photocues\tx_000100000000\squirrel\n02355227_4765.jpg
TRUE,TRUE,squirrel,F:\sketchy_dataset_photocues\tx_000100000000\squirrel\n02355227_5792.jpg
TRUE,TRUE,squirrel,F:\sketchy_dataset_photocues\tx_000100000000\squirrel\n02355227_6434.jpg
TRUE,TRUE,squirrel,F:\sketchy_dataset_photocues\tx_000100000000\squirrel\n02355227_6696.jpg
TRUE,TRUE,squirrel,F:\sketchy_dataset_photocues\tx_000100000000\squirrel\n02355227_7136.jpg
TRUE,TRUE,squirrel,F:\sketchy_dataset_photocues\tx_000100000000\squirrel\n02355227_10790.jpg
TRUE,TRUE,squirrel,F:\sketchy_dataset_photocues\tx_000100000000\squirrel\n02355227_11696.jpg
TRUE,TRUE,squirrel,F:\sketchy_dataset_photocues\tx_000100000000\squirrel\n02355227_12103.jpg
TRUE,TRUE,squirrel,F:\sketchy_dataset_photocues\tx_000100000000\squirrel\n02355227_12313.jpg
TRUE,TRUE,squirrel,F:\sketchy_dataset_photocues\tx_000100000000\squirrel\n02355227_12333.jpg
TRUE,TRUE,squirrel,F:\sketchy_dataset_photocues\tx_000100000000\squirrel\n02355227_12357.jpg
TRUE,TRUE,squirrel,F:\sketchy_dataset_photocues\tx_000100000000\squirrel\n02355227_12577.jpg
TRUE,TRUE,squirrel,F:\sketchy_dataset_photocues\tx_000100000000\squirrel\n02355227_13042.jpg
TRUE,TRUE,squirrel,F:\sketchy_dataset_photocues\tx_000100000000\squirrel\n02355227_13315.jpg
TRUE,TRUE,squirrel,F:\sketchy_dataset_photocues\tx_000100000000\squirrel\n02355227_13483.jpg
TRUE,TRUE,squirrel,F:\sketchy_dataset_photocues\tx_000100000000\squirrel\n02355227_13518.jpg
TRUE,TRUE,squirrel,F:\sketchy_dataset_photocues\tx_000100000000\squirrel\n02355227_13651.jpg
TRUE,TRUE,squirrel,F:\sketchy_dataset_photocues\tx_000100000000\squirrel\n02355227_14513.jpg
TRUE,TRUE,squirrel,F:\sketchy_dataset_photocues\tx_000100000000\squirrel\n02355227_14643.jpg
TRUE,TRUE,squirrel,F:\sketchy_dataset_photocues\tx_000100000000\squirrel\n02355227_14716.jpg
TRUE,TRUE,squirrel,F:\sketchy_dataset_photocues\tx_000100000000\squirrel\n02355227_14850.jpg
TRUE,TRUE,squirrel,F:\sketchy_dataset_photocues\tx_000100000000\squirrel\n02355227_15209.jpg
TRUE,TRUE,squirrel,F:\sketchy_dataset_photocues\tx_000100000000\squirrel\n02355227_15398.jpg
TRUE,TRUE,squirrel,F:\sketchy_dataset_photocues\tx_000100000000\squirrel\n02355227_15629.jpg
TRUE,TRUE,squirrel,F:\sketchy_dataset_photocues\tx_000100000000\squirrel\n02355227_15878.jpg
TRUE,TRUE,squirrel,F:\sketchy_dataset_photocues\tx_000100000000\squirrel\n02355227_15897.jpg
TRUE,TRUE,squirrel,F:\sketchy_dataset_photocues\tx_000100000000\squirrel\n02355227_16076.jpg
TRUE,TRUE,tree,F:\sketchy_dataset_photocues\tx_000100000000\tree\n11608250_5273.jpg
TRUE,TRUE,tree,F:\sketchy_dataset_photocues\tx_000100000000\tree\n11608250_20353.jpg
TRUE,TRUE,tree,F:\sketchy_dataset_photocues\tx_000100000000\tree\n11622368_6613.jpg
TRUE,TRUE,tree,F:\sketchy_dataset_photocues\tx_000100000000\tree\n11660300_317.jpg
TRUE,TRUE,tree,F:\sketchy_dataset_photocues\tx_000100000000\tree\n11759853_17749.jpg
TRUE,TRUE,tree,F:\sketchy_dataset_photocues\tx_000100000000\tree\n11759853_23554.jpg
TRUE,TRUE,tree,F:\sketchy_dataset_photocues\tx_000100000000\tree\n12199790_18871.jpg
TRUE,TRUE,tree,F:\sketchy_dataset_photocues\tx_000100000000\tree\n12202936_56055.jpg
TRUE,TRUE,tree,F:\sketchy_dataset_photocues\tx_000100000000\tree\n12269241_5514.jpg
TRUE,TRUE,tree,F:\sketchy_dataset_photocues\tx_000100000000\tree\n12273939_12249.jpg
TRUE,TRUE,tree,F:\sketchy_dataset_photocues\tx_000100000000\tree\n12273939_15816.jpg
TRUE,TRUE,tree,F:\sketchy_dataset_photocues\tx_000100000000\tree\n12273939_19474.jpg
TRUE,TRUE,tree,F:\sketchy_dataset_photocues\tx_000100000000\tree\n12273939_19494.jpg
TRUE,TRUE,tree,F:\sketchy_dataset_photocues\tx_000100000000\tree\n12281788_4661.jpg
TRUE,TRUE,tree,F:\sketchy_dataset_photocues\tx_000100000000\tree\n12282933_14493.jpg
TRUE,TRUE,tree,F:\sketchy_dataset_photocues\tx_000100000000\tree\n12304703_4158.jpg
TRUE,TRUE,tree,F:\sketchy_dataset_photocues\tx_000100000000\tree\n12304703_8334.jpg
TRUE,TRUE,tree,F:\sketchy_dataset_photocues\tx_000100000000\tree\n12305089_6316.jpg
TRUE,TRUE,tree,F:\sketchy_dataset_photocues\tx_000100000000\tree\n12523475_8583.jpg
TRUE,TRUE,tree,F:\sketchy_dataset_photocues\tx_000100000000\tree\n12582231_8442.jpg
TRUE,TRUE,tree,F:\sketchy_dataset_photocues\tx_000100000000\tree\n12582231_23595.jpg
TRUE,TRUE,tree,F:\sketchy_dataset_photocues\tx_000100000000\tree\n12582231_24681.jpg
TRUE,TRUE,tree,F:\sketchy_dataset_photocues\tx_000100000000\tree\n12587803_26214.jpg
TRUE,TRUE,tree,F:\sketchy_dataset_photocues\tx_000100000000\tree\n12587803_32125.jpg
TRUE,TRUE,tree,F:\sketchy_dataset_photocues\tx_000100000000\tree\n12593994_43.jpg
TRUE,TRUE,tree,F:\sketchy_dataset_photocues\tx_000100000000\tree\n12593994_808.jpg
TRUE,TRUE,tree,F:\sketchy_dataset_photocues\tx_000100000000\tree\n12713866_5217.jpg
TRUE,TRUE,tree,F:\sketchy_dataset_photocues\tx_000100000000\tree\n12726670_2012.jpg
TRUE,TRUE,tree,F:\sketchy_dataset_photocues\tx_000100000000\tree\n12726670_6261.jpg
TRUE,TRUE,tree,F:\sketchy_dataset_photocues\tx_000100000000\tree\n12726670_7074.jpg
TRUE,TRUE,tree,F:\sketchy_dataset_photocues\tx_000100000000\tree\n12755727_1126.jpg
TRUE,TRUE,tree,F:\sketchy_dataset_photocues\tx_000100000000\tree\n12755727_6097.jpg
TRUE,FALSE,ape,F:\sketchy_dataset_photocues\tx_000100000000\ape\n02470325_6919.jpg
TRUE,FALSE,ape,F:\sketchy_dataset_photocues\tx_000100000000\ape\n02470325_9404.jpg
TRUE,FALSE,ape,F:\sketchy_dataset_photocues\tx_000100000000\ape\n02470325_17362.jpg
TRUE,FALSE,ape,F:\sketchy_dataset_photocues\tx_000100000000\ape\n02470325_19170.jpg
TRUE,FALSE,ape,F:\sketchy_dataset_photocues\tx_000100000000\ape\n02470325_19477.jpg
TRUE,FALSE,ape,F:\sketchy_dataset_photocues\tx_000100000000\ape\n02470325_28072.jpg
TRUE,FALSE,ape,F:\sketchy_dataset_photocues\tx_000100000000\ape\n02480495_1469.jpg
TRUE,FALSE,ape,F:\sketchy_dataset_photocues\tx_000100000000\ape\n02480495_1517.jpg
TRUE,FALSE,ape,F:\sketchy_dataset_photocues\tx_000100000000\ape\n02480495_2977.jpg
TRUE,FALSE,ape,F:\sketchy_dataset_photocues\tx_000100000000\ape\n02480495_3329.jpg
TRUE,FALSE,ape,F:\sketchy_dataset_photocues\tx_000100000000\ape\n02480495_12444.jpg
TRUE,FALSE,ape,F:\sketchy_dataset_photocues\tx_000100000000\ape\n02480495_13679.jpg
TRUE,FALSE,ape,F:\sketchy_dataset_photocues\tx_000100000000\ape\n02480495_17522.jpg
TRUE,FALSE,ape,F:\sketchy_dataset_photocues\tx_000100000000\ape\n02480495_23421.jpg
TRUE,FALSE,ape,F:\sketchy_dataset_photocues\tx_000100000000\ape\n02480495_25770.jpg
TRUE,FALSE,ape,F:\sketchy_dataset_photocues\tx_000100000000\ape\n02481500_4621.jpg
TRUE,FALSE,ape,F:\sketchy_dataset_photocues\tx_000100000000\ape\n02481500_5522.jpg
TRUE,FALSE,ape,F:\sketchy_dataset_photocues\tx_000100000000\ape\n02481500_6248.jpg
TRUE,FALSE,ape,F:\sketchy_dataset_photocues\tx_000100000000\ape\n02481823_756.jpg
TRUE,FALSE,ape,F:\sketchy_dataset_photocues\tx_000100000000\ape\n02481823_9007.jpg
TRUE,FALSE,ape,F:\sketchy_dataset_photocues\tx_000100000000\ape\n02481823_22051.jpg
TRUE,FALSE,ape,F:\sketchy_dataset_photocues\tx_000100000000\ape\n02483362_666.jpg
TRUE,FALSE,ape,F:\sketchy_dataset_photocues\tx_000100000000\ape\n02483362_1261.jpg
TRUE,FALSE,ape,F:\sketchy_dataset_photocues\tx_000100000000\ape\n02483362_6484.jpg
TRUE,FALSE,ape,F:\sketchy_dataset_photocues\tx_000100000000\ape\n02483362_11135.jpg
TRUE,FALSE,ape,F:\sketchy_dataset_photocues\tx_000100000000\ape\n02483362_11381.jpg
TRUE,FALSE,ape,F:\sketchy_dataset_photocues\tx_000100000000\ape\n02483708_655.jpg
TRUE,FALSE,ape,F:\sketchy_dataset_photocues\tx_000100000000\ape\n02483708_2192.jpg
TRUE,FALSE,ape,F:\sketchy_dataset_photocues\tx_000100000000\ape\n02483708_3134.jpg
TRUE,FALSE,ape,F:\sketchy_dataset_photocues\tx_000100000000\ape\n02483708_6167.jpg
TRUE,FALSE,ape,F:\sketchy_dataset_photocues\tx_000100000000\ape\n02483708_6557.jpg
TRUE,FALSE,ape,F:\sketchy_dataset_photocues\tx_000100000000\ape\n02483708_7231.jpg
TRUE,FALSE,elephant,F:\sketchy_dataset_photocues\tx_000100000000\elephant\n02503517_86.jpg
TRUE,FALSE,elephant,F:\sketchy_dataset_photocues\tx_000100000000\elephant\n02503517_184.jpg
TRUE,FALSE,elephant,F:\sketchy_dataset_photocues\tx_000100000000\elephant\n02503517_194.jpg
TRUE,FALSE,elephant,F:\sketchy_dataset_photocues\tx_000100000000\elephant\n02503517_564.jpg
TRUE,FALSE,elephant,F:\sketchy_dataset_photocues\tx_000100000000\elephant\n02503517_753.jpg
TRUE,FALSE,elephant,F:\sketchy_dataset_photocues\tx_000100000000\elephant\n02503517_792.jpg
TRUE,FALSE,elephant,F:\sketchy_dataset_photocues\tx_000100000000\elephant\n02503517_1583.jpg
TRUE,FALSE,elephant,F:\sketchy_dataset_photocues\tx_000100000000\elephant\n02503517_1829.jpg
TRUE,FALSE,elephant,F:\sketchy_dataset_photocues\tx_000100000000\elephant\n02503517_1852.jpg
TRUE,FALSE,elephant,F:\sketchy_dataset_photocues\tx_000100000000\elephant\n02503517_1963.jpg
TRUE,FALSE,elephant,F:\sketchy_dataset_photocues\tx_000100000000\elephant\n02503517_2061.jpg
TRUE,FALSE,elephant,F:\sketchy_dataset_photocues\tx_000100000000\elephant\n02503517_2804.jpg
TRUE,FALSE,elephant,F:\sketchy_dataset_photocues\tx_000100000000\elephant\n02503517_2925.jpg
TRUE,FALSE,elephant,F:\sketchy_dataset_photocues\tx_000100000000\elephant\n02503517_2993.jpg
TRUE,FALSE,elephant,F:\sketchy_dataset_photocues\tx_000100000000\elephant\n02503517_3879.jpg
TRUE,FALSE,elephant,F:\sketchy_dataset_photocues\tx_000100000000\elephant\n02503517_4605.jpg
TRUE,FALSE,elephant,F:\sketchy_dataset_photocues\tx_000100000000\elephant\n02503517_5892.jpg
TRUE,FALSE,elephant,F:\sketchy_dataset_photocues\tx_000100000000\elephant\n02503517_5905.jpg
TRUE,FALSE,elephant,F:\sketchy_dataset_photocues\tx_000100000000\elephant\n02503517_6043.jpg
TRUE,FALSE,elephant,F:\sketchy_dataset_photocues\tx_000100000000\elephant\n02503517_6479.jpg
TRUE,FALSE,elephant,F:\sketchy_dataset_photocues\tx_000100000000\elephant\n02503517_6937.jpg
TRUE,FALSE,elephant,F:\sketchy_dataset_photocues\tx_000100000000\elephant\n02503517_7211.jpg
TRUE,FALSE,elephant,F:\sketchy_dataset_photocues\tx_000100000000\elephant\n02503517_7592.jpg
TRUE,FALSE,elephant,F:\sketchy_dataset_photocues\tx_000100000000\elephant\n02503517_8571.jpg
TRUE,FALSE,elephant,F:\sketchy_dataset_photocues\tx_000100000000\elephant\n02503517_8901.jpg
TRUE,FALSE,elephant,F:\sketchy_dataset_photocues\tx_000100000000\elephant\n02503517_8904.jpg
TRUE,FALSE,elephant,F:\sketchy_dataset_photocues\tx_000100000000\elephant\n02503517_9043.jpg
TRUE,FALSE,elephant,F:\sketchy_dataset_photocues\tx_000100000000\elephant\n02503517_9237.jpg
TRUE,FALSE,elephant,F:\sketchy_dataset_photocues\tx_000100000000\elephant\n02503517_9421.jpg
TRUE,FALSE,elephant,F:\sketchy_dataset_photocues\tx_000100000000\elephant\n02503517_10036.jpg
TRUE,FALSE,elephant,F:\sketchy_dataset_photocues\tx_000100000000\elephant\n02503517_10075.jpg
TRUE,FALSE,elephant,F:\sketchy_dataset_photocues\tx_000100000000\elephant\n02503517_12688.jpg
TRUE,FALSE,jellyfish,F:\sketchy_dataset_photocues\tx_000100000000\jellyfish\n01910747_3.jpg
TRUE,FALSE,jellyfish,F:\sketchy_dataset_photocues\tx_000100000000\jellyfish\n01910747_8.jpg
TRUE,FALSE,jellyfish,F:\sketchy_dataset_photocues\tx_000100000000\jellyfish\n01910747_40.jpg
TRUE,FALSE,jellyfish,F:\sketchy_dataset_photocues\tx_000100000000\jellyfish\n01910747_83.jpg
TRUE,FALSE,jellyfish,F:\sketchy_dataset_photocues\tx_000100000000\jellyfish\n01910747_166.jpg
TRUE,FALSE,jellyfish,F:\sketchy_dataset_photocues\tx_000100000000\jellyfish\n01910747_620.jpg
TRUE,FALSE,jellyfish,F:\sketchy_dataset_photocues\tx_000100000000\jellyfish\n01910747_680.jpg
TRUE,FALSE,jellyfish,F:\sketchy_dataset_photocues\tx_000100000000\jellyfish\n01910747_1153.jpg
TRUE,FALSE,jellyfish,F:\sketchy_dataset_photocues\tx_000100000000\jellyfish\n01910747_1305.jpg
TRUE,FALSE,jellyfish,F:\sketchy_dataset_photocues\tx_000100000000\jellyfish\n01910747_1320.jpg
TRUE,FALSE,jellyfish,F:\sketchy_dataset_photocues\tx_000100000000\jellyfish\n01910747_1444.jpg
TRUE,FALSE,jellyfish,F:\sketchy_dataset_photocues\tx_000100000000\jellyfish\n01910747_1522.jpg
TRUE,FALSE,jellyfish,F:\sketchy_dataset_photocues\tx_000100000000\jellyfish\n01910747_1541.jpg
TRUE,FALSE,jellyfish,F:\sketchy_dataset_photocues\tx_000100000000\jellyfish\n01910747_1585.jpg
TRUE,FALSE,jellyfish,F:\sketchy_dataset_photocues\tx_000100000000\jellyfish\n01910747_1590.jpg
TRUE,FALSE,jellyfish,F:\sketchy_dataset_photocues\tx_000100000000\jellyfish\n01910747_1642.jpg
TRUE,FALSE,jellyfish,F:\sketchy_dataset_photocues\tx_000100000000\jellyfish\n01910747_1763.jpg
TRUE,FALSE,jellyfish,F:\sketchy_dataset_photocues\tx_000100000000\jellyfish\n01910747_1790.jpg
TRUE,FALSE,jellyfish,F:\sketchy_dataset_photocues\tx_000100000000\jellyfish\n01910747_2047.jpg
TRUE,FALSE,jellyfish,F:\sketchy_dataset_photocues\tx_000100000000\jellyfish\n01910747_2103.jpg
TRUE,FALSE,jellyfish,F:\sketchy_dataset_photocues\tx_000100000000\jellyfish\n01910747_2149.jpg
TRUE,FALSE,jellyfish,F:\sketchy_dataset_photocues\tx_000100000000\jellyfish\n01910747_2254.jpg
TRUE,FALSE,jellyfish,F:\sketchy_dataset_photocues\tx_000100000000\jellyfish\n01910747_4476.jpg
TRUE,FALSE,jellyfish,F:\sketchy_dataset_photocues\tx_000100000000\jellyfish\n01910747_7024.jpg
TRUE,FALSE,jellyfish,F:\sketchy_dataset_photocues\tx_000100000000\jellyfish\n01910747_9217.jpg
TRUE,FALSE,jellyfish,F:\sketchy_dataset_photocues\tx_000100000000\jellyfish\n01910747_11589.jpg
TRUE,FALSE,jellyfish,F:\sketchy_dataset_photocues\tx_000100000000\jellyfish\n01910747_12939.jpg
TRUE,FALSE,jellyfish,F:\sketchy_dataset_photocues\tx_000100000000\jellyfish\n01910747_13178.jpg
TRUE,FALSE,jellyfish,F:\sketchy_dataset_photocues\tx_000100000000\jellyfish\n01910747_16089.jpg
TRUE,FALSE,jellyfish,F:\sketchy_dataset_photocues\tx_000100000000\jellyfish\n01910747_17171.jpg
TRUE,FALSE,jellyfish,F:\sketchy_dataset_photocues\tx_000100000000\jellyfish\n01910747_17233.jpg
TRUE,FALSE,jellyfish,F:\sketchy_dataset_photocues\tx_000100000000\jellyfish\n01910747_17265.jpg
TRUE,FALSE,kangaroo,F:\sketchy_dataset_photocues\tx_000100000000\kangaroo\n01877134_243.jpg
TRUE,FALSE,kangaroo,F:\sketchy_dataset_photocues\tx_000100000000\kangaroo\n01877134_389.jpg
TRUE,FALSE,kangaroo,F:\sketchy_dataset_photocues\tx_000100000000\kangaroo\n01877134_1108.jpg
TRUE,FALSE,kangaroo,F:\sketchy_dataset_photocues\tx_000100000000\kangaroo\n01877134_1720.jpg
TRUE,FALSE,kangaroo,F:\sketchy_dataset_photocues\tx_000100000000\kangaroo\n01877134_2048.jpg
TRUE,FALSE,kangaroo,F:\sketchy_dataset_photocues\tx_000100000000\kangaroo\n01877134_3105.jpg
TRUE,FALSE,kangaroo,F:\sketchy_dataset_photocues\tx_000100000000\kangaroo\n01877134_3575.jpg
TRUE,FALSE,kangaroo,F:\sketchy_dataset_photocues\tx_000100000000\kangaroo\n01877134_4465.jpg
TRUE,FALSE,kangaroo,F:\sketchy_dataset_photocues\tx_000100000000\kangaroo\n01877134_5855.jpg
TRUE,FALSE,kangaroo,F:\sketchy_dataset_photocues\tx_000100000000\kangaroo\n01877134_5931.jpg
TRUE,FALSE,kangaroo,F:\sketchy_dataset_photocues\tx_000100000000\kangaroo\n01877134_7832.jpg
TRUE,FALSE,kangaroo,F:\sketchy_dataset_photocues\tx_000100000000\kangaroo\n01877134_8285.jpg
TRUE,FALSE,kangaroo,F:\sketchy_dataset_photocues\tx_000100000000\kangaroo\n01877134_8478.jpg
TRUE,FALSE,kangaroo,F:\sketchy_dataset_photocues\tx_000100000000\kangaroo\n01877134_8490.jpg
TRUE,FALSE,kangaroo,F:\sketchy_dataset_photocues\tx_000100000000\kangaroo\n01877134_8560.jpg
TRUE,FALSE,kangaroo,F:\sketchy_dataset_photocues\tx_000100000000\kangaroo\n01877134_8793.jpg
TRUE,FALSE,kangaroo,F:\sketchy_dataset_photocues\tx_000100000000\kangaroo\n01877134_8916.jpg
TRUE,FALSE,kangaroo,F:\sketchy_dataset_photocues\tx_000100000000\kangaroo\n01877134_9114.jpg
TRUE,FALSE,kangaroo,F:\sketchy_dataset_photocues\tx_000100000000\kangaroo\n01877134_9131.jpg
TRUE,FALSE,kangaroo,F:\sketchy_dataset_photocues\tx_000100000000\kangaroo\n01877134_9259.jpg
TRUE,FALSE,kangaroo,F:\sketchy_dataset_photocues\tx_000100000000\kangaroo\n01877134_9443.jpg
TRUE,FALSE,kangaroo,F:\sketchy_dataset_photocues\tx_000100000000\kangaroo\n01877134_10153.jpg
TRUE,FALSE,kangaroo,F:\sketchy_dataset_photocues\tx_000100000000\kangaroo\n01877134_10357.jpg
TRUE,FALSE,kangaroo,F:\sketchy_dataset_photocues\tx_000100000000\kangaroo\n01877134_10719.jpg
TRUE,FALSE,kangaroo,F:\sketchy_dataset_photocues\tx_000100000000\kangaroo\n01877134_10720.jpg
TRUE,FALSE,kangaroo,F:\sketchy_dataset_photocues\tx_000100000000\kangaroo\n01877134_11027.jpg
TRUE,FALSE,kangaroo,F:\sketchy_dataset_photocues\tx_000100000000\kangaroo\n01877134_11195.jpg
TRUE,FALSE,kangaroo,F:\sketchy_dataset_photocues\tx_000100000000\kangaroo\n01877134_11202.jpg
TRUE,FALSE,kangaroo,F:\sketchy_dataset_photocues\tx_000100000000\kangaroo\n01877134_11382.jpg
TRUE,FALSE,kangaroo,F:\sketchy_dataset_photocues\tx_000100000000\kangaroo\n01877134_11393.jpg
TRUE,FALSE,kangaroo,F:\sketchy_dataset_photocues\tx_000100000000\kangaroo\n01877134_11426.jpg
TRUE,FALSE,kangaroo,F:\sketchy_dataset_photocues\tx_000100000000\kangaroo\n01877134_11909.jpg
TRUE,FALSE,lion,F:\sketchy_dataset_photocues\tx_000100000000\lion\n02129165_325.jpg
TRUE,FALSE,lion,F:\sketchy_dataset_photocues\tx_000100000000\lion\n02129165_678.jpg
TRUE,FALSE,lion,F:\sketchy_dataset_photocues\tx_000100000000\lion\n02129165_743.jpg
TRUE,FALSE,lion,F:\sketchy_dataset_photocues\tx_000100000000\lion\n02129165_771.jpg
TRUE,FALSE,lion,F:\sketchy_dataset_photocues\tx_000100000000\lion\n02129165_992.jpg
TRUE,FALSE,lion,F:\sketchy_dataset_photocues\tx_000100000000\lion\n02129165_1244.jpg
TRUE,FALSE,lion,F:\sketchy_dataset_photocues\tx_000100000000\lion\n02129165_1494.jpg
TRUE,FALSE,lion,F:\sketchy_dataset_photocues\tx_000100000000\lion\n02129165_1675.jpg
TRUE,FALSE,lion,F:\sketchy_dataset_photocues\tx_000100000000\lion\n02129165_2056.jpg
TRUE,FALSE,lion,F:\sketchy_dataset_photocues\tx_000100000000\lion\n02129165_2294.jpg
TRUE,FALSE,lion,F:\sketchy_dataset_photocues\tx_000100000000\lion\n02129165_2303.jpg
TRUE,FALSE,lion,F:\sketchy_dataset_photocues\tx_000100000000\lion\n02129165_2496.jpg
TRUE,FALSE,lion,F:\sketchy_dataset_photocues\tx_000100000000\lion\n02129165_2814.jpg
TRUE,FALSE,lion,F:\sketchy_dataset_photocues\tx_000100000000\lion\n02129165_4151.jpg
TRUE,FALSE,lion,F:\sketchy_dataset_photocues\tx_000100000000\lion\n02129165_4300.jpg
TRUE,FALSE,lion,F:\sketchy_dataset_photocues\tx_000100000000\lion\n02129165_5082.jpg
TRUE,FALSE,lion,F:\sketchy_dataset_photocues\tx_000100000000\lion\n02129165_5769.jpg
TRUE,FALSE,lion,F:\sketchy_dataset_photocues\tx_000100000000\lion\n02129165_6087.jpg
TRUE,FALSE,lion,F:\sketchy_dataset_photocues\tx_000100000000\lion\n02129165_8350.jpg
TRUE,FALSE,lion,F:\sketchy_dataset_photocues\tx_000100000000\lion\n02129165_9130.jpg
TRUE,FALSE,lion,F:\sketchy_dataset_photocues\tx_000100000000\lion\n02129165_9926.jpg
TRUE,FALSE,lion,F:\sketchy_dataset_photocues\tx_000100000000\lion\n02129165_10931.jpg
TRUE,FALSE,lion,F:\sketchy_dataset_photocues\tx_000100000000\lion\n02129165_11523.jpg
TRUE,FALSE,lion,F:\sketchy_dataset_photocues\tx_000100000000\lion\n02129165_11716.jpg
TRUE,FALSE,lion,F:\sketchy_dataset_photocues\tx_000100000000\lion\n02129165_17829.jpg
TRUE,FALSE,lion,F:\sketchy_dataset_photocues\tx_000100000000\lion\n02129165_18187.jpg
TRUE,FALSE,lion,F:\sketchy_dataset_photocues\tx_000100000000\lion\n02129165_18477.jpg
TRUE,FALSE,lion,F:\sketchy_dataset_photocues\tx_000100000000\lion\n02129165_19828.jpg
TRUE,FALSE,lion,F:\sketchy_dataset_photocues\tx_000100000000\lion\n02129165_20648.jpg
TRUE,FALSE,lion,F:\sketchy_dataset_photocues\tx_000100000000\lion\n02129165_20846.jpg
TRUE,FALSE,lion,F:\sketchy_dataset_photocues\tx_000100000000\lion\n02129165_23188.jpg
TRUE,FALSE,lion,F:\sketchy_dataset_photocues\tx_000100000000\lion\n02129165_24307.jpg
TRUE,FALSE,ray,F:\sketchy_dataset_photocues\tx_000100000000\ray\n01496331_1104.jpg
TRUE,FALSE,ray,F:\sketchy_dataset_photocues\tx_000100000000\ray\n01496331_2367.jpg
TRUE,FALSE,ray,F:\sketchy_dataset_photocues\tx_000100000000\ray\n01496331_5102.jpg
TRUE,FALSE,ray,F:\sketchy_dataset_photocues\tx_000100000000\ray\n01496331_6511.jpg
TRUE,FALSE,ray,F:\sketchy_dataset_photocues\tx_000100000000\ray\n01496331_7238.jpg
TRUE,FALSE,ray,F:\sketchy_dataset_photocues\tx_000100000000\ray\n01496331_8205.jpg
TRUE,FALSE,ray,F:\sketchy_dataset_photocues\tx_000100000000\ray\n01496331_11015.jpg
TRUE,FALSE,ray,F:\sketchy_dataset_photocues\tx_000100000000\ray\n01496331_11647.jpg
TRUE,FALSE,ray,F:\sketchy_dataset_photocues\tx_000100000000\ray\n01496331_12211.jpg
TRUE,FALSE,ray,F:\sketchy_dataset_photocues\tx_000100000000\ray\n01496331_15906.jpg
TRUE,FALSE,ray,F:\sketchy_dataset_photocues\tx_000100000000\ray\n01496331_17373.jpg
TRUE,FALSE,ray,F:\sketchy_dataset_photocues\tx_000100000000\ray\n01496331_18622.jpg
TRUE,FALSE,ray,F:\sketchy_dataset_photocues\tx_000100000000\ray\n01496331_20865.jpg
TRUE,FALSE,ray,F:\sketchy_dataset_photocues\tx_000100000000\ray\n01496331_20930.jpg
TRUE,FALSE,ray,F:\sketchy_dataset_photocues\tx_000100000000\ray\n01496331_21049.jpg
TRUE,FALSE,ray,F:\sketchy_dataset_photocues\tx_000100000000\ray\n01496331_21710.jpg
TRUE,FALSE,ray,F:\sketchy_dataset_photocues\tx_000100000000\ray\n01496331_21942.jpg
TRUE,FALSE,ray,F:\sketchy_dataset_photocues\tx_000100000000\ray\n01496331_22355.jpg
TRUE,FALSE,ray,F:\sketchy_dataset_photocues\tx_000100000000\ray\n01498041_892.jpg
TRUE,FALSE,ray,F:\sketchy_dataset_photocues\tx_000100000000\ray\n01498041_2351.jpg
TRUE,FALSE,ray,F:\sketchy_dataset_photocues\tx_000100000000\ray\n01498041_3627.jpg
TRUE,FALSE,ray,F:\sketchy_dataset_photocues\tx_000100000000\ray\n01498041_4234.jpg
TRUE,FALSE,ray,F:\sketchy_dataset_photocues\tx_000100000000\ray\n01498041_7123.jpg
TRUE,FALSE,ray,F:\sketchy_dataset_photocues\tx_000100000000\ray\n01498041_9044.jpg
TRUE,FALSE,ray,F:\sketchy_dataset_photocues\tx_000100000000\ray\n01498041_9542.jpg
TRUE,FALSE,ray,F:\sketchy_dataset_photocues\tx_000100000000\ray\n01498041_10279.jpg
TRUE,FALSE,ray,F:\sketchy_dataset_photocues\tx_000100000000\ray\n01498041_10581.jpg
TRUE,FALSE,ray,F:\sketchy_dataset_photocues\tx_000100000000\ray\n01498041_10595.jpg
TRUE,FALSE,ray,F:\sketchy_dataset_photocues\tx_000100000000\ray\n01498041_10604.jpg
TRUE,FALSE,ray,F:\sketchy_dataset_photocues\tx_000100000000\ray\n01498041_11366.jpg
TRUE,FALSE,ray,F:\sketchy_dataset_photocues\tx_000100000000\ray\n01498041_12427.jpg
TRUE,FALSE,ray,F:\sketchy_dataset_photocues\tx_000100000000\ray\n01498041_12902.jpg
TRUE,FALSE,scorpion,F:\sketchy_dataset_photocues\tx_000100000000\scorpion\n01770393_43.jpg
TRUE,FALSE,scorpion,F:\sketchy_dataset_photocues\tx_000100000000\scorpion\n01770393_144.jpg
TRUE,FALSE,scorpion,F:\sketchy_dataset_photocues\tx_000100000000\scorpion\n01770393_932.jpg
TRUE,FALSE,scorpion,F:\sketchy_dataset_photocues\tx_000100000000\scorpion\n01770393_1283.jpg
TRUE,FALSE,scorpion,F:\sketchy_dataset_photocues\tx_000100000000\scorpion\n01770393_1301.jpg
TRUE,FALSE,scorpion,F:\sketchy_dataset_photocues\tx_000100000000\scorpion\n01770393_2821.jpg
TRUE,FALSE,scorpion,F:\sketchy_dataset_photocues\tx_000100000000\scorpion\n01770393_3338.jpg
TRUE,FALSE,scorpion,F:\sketchy_dataset_photocues\tx_000100000000\scorpion\n01770393_3860.jpg
TRUE,FALSE,scorpion,F:\sketchy_dataset_photocues\tx_000100000000\scorpion\n01770393_3955.jpg
TRUE,FALSE,scorpion,F:\sketchy_dataset_photocues\tx_000100000000\scorpion\n01770393_4227.jpg
TRUE,FALSE,scorpion,F:\sketchy_dataset_photocues\tx_000100000000\scorpion\n01770393_4670.jpg
TRUE,FALSE,scorpion,F:\sketchy_dataset_photocues\tx_000100000000\scorpion\n01770393_4779.jpg
TRUE,FALSE,scorpion,F:\sketchy_dataset_photocues\tx_000100000000\scorpion\n01770393_5672.jpg
TRUE,FALSE,scorpion,F:\sketchy_dataset_photocues\tx_000100000000\scorpion\n01770393_5914.jpg
TRUE,FALSE,scorpion,F:\sketchy_dataset_photocues\tx_000100000000\scorpion\n01770393_6365.jpg
TRUE,FALSE,scorpion,F:\sketchy_dataset_photocues\tx_000100000000\scorpion\n01770393_6786.jpg
TRUE,FALSE,scorpion,F:\sketchy_dataset_photocues\tx_000100000000\scorpion\n01770393_7988.jpg
TRUE,FALSE,scorpion,F:\sketchy_dataset_photocues\tx_000100000000\scorpion\n01770393_8432.jpg
TRUE,FALSE,scorpion,F:\sketchy_dataset_photocues\tx_000100000000\scorpion\n01770393_9764.jpg
TRUE,FALSE,scorpion,F:\sketchy_dataset_photocues\tx_000100000000\scorpion\n01770393_20014.jpg
TRUE,FALSE,scorpion,F:\sketchy_dataset_photocues\tx_000100000000\scorpion\n01770393_20398.jpg
TRUE,FALSE,scorpion,F:\sketchy_dataset_photocues\tx_000100000000\scorpion\n01770393_20551.jpg
TRUE,FALSE,scorpion,F:\sketchy_dataset_photocues\tx_000100000000\scorpion\n01770393_20567.jpg
TRUE,FALSE,scorpion,F:\sketchy_dataset_photocues\tx_000100000000\scorpion\n01770393_21297.jpg
TRUE,FALSE,scorpion,F:\sketchy_dataset_photocues\tx_000100000000\scorpion\n01770393_21341.jpg
TRUE,FALSE,scorpion,F:\sketchy_dataset_photocues\tx_000100000000\scorpion\n01770393_23704.jpg
TRUE,FALSE,scorpion,F:\sketchy_dataset_photocues\tx_000100000000\scorpion\n01770393_25786.jpg
TRUE,FALSE,scorpion,F:\sketchy_dataset_photocues\tx_000100000000\scorpion\n01770393_26286.jpg
TRUE,FALSE,scorpion,F:\sketchy_dataset_photocues\tx_000100000000\scorpion\n01770393_27092.jpg
TRUE,FALSE,scorpion,F:\sketchy_dataset_photocues\tx_000100000000\scorpion\n01770393_27594.jpg
TRUE,FALSE,scorpion,F:\sketchy_dataset_photocues\tx_000100000000\scorpion\n01770393_29339.jpg
TRUE,FALSE,scorpion,F:\sketchy_dataset_photocues\tx_000100000000\scorpion\n01770393_31305.jpg
TRUE,FALSE,snake,F:\sketchy_dataset_photocues\tx_000100000000\snake\n01726692_67.jpg
TRUE,FALSE,snake,F:\sketchy_dataset_photocues\tx_000100000000\snake\n01726692_981.jpg
TRUE,FALSE,snake,F:\sketchy_dataset_photocues\tx_000100000000\snake\n01726692_1320.jpg
TRUE,FALSE,snake,F:\sketchy_dataset_photocues\tx_000100000000\snake\n01726692_1321.jpg
TRUE,FALSE,snake,F:\sketchy_dataset_photocues\tx_000100000000\snake\n01726692_1338.jpg
TRUE,FALSE,snake,F:\sketchy_dataset_photocues\tx_000100000000\snake\n01726692_1517.jpg
TRUE,FALSE,snake,F:\sketchy_dataset_photocues\tx_000100000000\snake\n01726692_1963.jpg
TRUE,FALSE,snake,F:\sketchy_dataset_photocues\tx_000100000000\snake\n01726692_2164.jpg
TRUE,FALSE,snake,F:\sketchy_dataset_photocues\tx_000100000000\snake\n01726692_2433.jpg
TRUE,FALSE,snake,F:\sketchy_dataset_photocues\tx_000100000000\snake\n01726692_2440.jpg
TRUE,FALSE,snake,F:\sketchy_dataset_photocues\tx_000100000000\snake\n01726692_2557.jpg
TRUE,FALSE,snake,F:\sketchy_dataset_photocues\tx_000100000000\snake\n01726692_3481.jpg
TRUE,FALSE,snake,F:\sketchy_dataset_photocues\tx_000100000000\snake\n01726692_3539.jpg
TRUE,FALSE,snake,F:\sketchy_dataset_photocues\tx_000100000000\snake\n01726692_3583.jpg
TRUE,FALSE,snake,F:\sketchy_dataset_photocues\tx_000100000000\snake\n01726692_4092.jpg
TRUE,FALSE,snake,F:\sketchy_dataset_photocues\tx_000100000000\snake\n01726692_5470.jpg
TRUE,FALSE,snake,F:\sketchy_dataset_photocues\tx_000100000000\snake\n01726692_5764.jpg
TRUE,FALSE,snake,F:\sketchy_dataset_photocues\tx_000100000000\snake\n01726692_5765.jpg
TRUE,FALSE,snake,F:\sketchy_dataset_photocues\tx_000100000000\snake\n01726692_5767.jpg
TRUE,FALSE,snake,F:\sketchy_dataset_photocues\tx_000100000000\snake\n01726692_5910.jpg
TRUE,FALSE,snake,F:\sketchy_dataset_photocues\tx_000100000000\snake\n01726692_7084.jpg
TRUE,FALSE,snake,F:\sketchy_dataset_photocues\tx_000100000000\snake\n01726692_7245.jpg
TRUE,FALSE,snake,F:\sketchy_dataset_photocues\tx_000100000000\snake\n01726692_7787.jpg
TRUE,FALSE,snake,F:\sketchy_dataset_photocues\tx_000100000000\snake\n01726692_8218.jpg
TRUE,FALSE,snake,F:\sketchy_dataset_photocues\tx_000100000000\snake\n01729977_13259.jpg
TRUE,FALSE,snake,F:\sketchy_dataset_photocues\tx_000100000000\snake\n01748264_3220.jpg
TRUE,FALSE,snake,F:\sketchy_dataset_photocues\tx_000100000000\snake\n01748264_13418.jpg
TRUE,FALSE,snake,F:\sketchy_dataset_photocues\tx_000100000000\snake\n01748264_19220.jpg
TRUE,FALSE,snake,F:\sketchy_dataset_photocues\tx_000100000000\snake\n01748264_19233.jpg
TRUE,FALSE,snake,F:\sketchy_dataset_photocues\tx_000100000000\snake\n01752165_2370.jpg
TRUE,FALSE,snake,F:\sketchy_dataset_photocues\tx_000100000000\snake\n01752165_9941.jpg
TRUE,FALSE,snake,F:\sketchy_dataset_photocues\tx_000100000000\snake\n01752165_11267.jpg
FALSE,TRUE,airplane,F:\sketchy_dataset_photocues\tx_000100000000\airplane\n02691156_359.jpg
FALSE,TRUE,airplane,F:\sketchy_dataset_photocues\tx_000100000000\airplane\n02691156_507.jpg
FALSE,TRUE,airplane,F:\sketchy_dataset_photocues\tx_000100000000\airplane\n02691156_573.jpg
FALSE,TRUE,airplane,F:\sketchy_dataset_photocues\tx_000100000000\airplane\n02691156_987.jpg
FALSE,TRUE,airplane,F:\sketchy_dataset_photocues\tx_000100000000\airplane\n02691156_1692.jpg
FALSE,TRUE,airplane,F:\sketchy_dataset_photocues\tx_000100000000\airplane\n02691156_2173.jpg
FALSE,TRUE,airplane,F:\sketchy_dataset_photocues\tx_000100000000\airplane\n02691156_2701.jpg
FALSE,TRUE,airplane,F:\sketchy_dataset_photocues\tx_000100000000\airplane\n02691156_3791.jpg
FALSE,TRUE,airplane,F:\sketchy_dataset_photocues\tx_000100000000\airplane\n02691156_4134.jpg
FALSE,TRUE,airplane,F:\sketchy_dataset_photocues\tx_000100000000\airplane\n02691156_6382.jpg
FALSE,TRUE,airplane,F:\sketchy_dataset_photocues\tx_000100000000\airplane\n02691156_6525.jpg
FALSE,TRUE,airplane,F:\sketchy_dataset_photocues\tx_000100000000\airplane\n02691156_7027.jpg
FALSE,TRUE,airplane,F:\sketchy_dataset_photocues\tx_000100000000\airplane\n02691156_7473.jpg
FALSE,TRUE,airplane,F:\sketchy_dataset_photocues\tx_000100000000\airplane\n02691156_7923.jpg
FALSE,TRUE,airplane,F:\sketchy_dataset_photocues\tx_000100000000\airplane\n02691156_8228.jpg
FALSE,TRUE,airplane,F:\sketchy_dataset_photocues\tx_000100000000\airplane\n02691156_8876.jpg
FALSE,TRUE,airplane,F:\sketchy_dataset_photocues\tx_000100000000\airplane\n02691156_9966.jpg
FALSE,TRUE,airplane,F:\sketchy_dataset_photocues\tx_000100000000\airplane\n02691156_10151.jpg
FALSE,TRUE,airplane,F:\sketchy_dataset_photocues\tx_000100000000\airplane\n02691156_10381.jpg
FALSE,TRUE,airplane,F:\sketchy_dataset_photocues\tx_000100000000\airplane\n02691156_10433.jpg
FALSE,TRUE,airplane,F:\sketchy_dataset_photocues\tx_000100000000\airplane\n02691156_10535.jpg
FALSE,TRUE,airplane,F:\sketchy_dataset_photocues\tx_000100000000\airplane\n02691156_10622.jpg
FALSE,TRUE,airplane,F:\sketchy_dataset_photocues\tx_000100000000\airplane\n02691156_11016.jpg
FALSE,TRUE,airplane,F:\sketchy_dataset_photocues\tx_000100000000\airplane\n02691156_11286.jpg
FALSE,TRUE,airplane,F:\sketchy_dataset_photocues\tx_000100000000\airplane\n02691156_11379.jpg
FALSE,TRUE,airplane,F:\sketchy_dataset_photocues\tx_000100000000\airplane\n02691156_12022.jpg
FALSE,TRUE,airplane,F:\sketchy_dataset_photocues\tx_000100000000\airplane\n02691156_12181.jpg
FALSE,TRUE,airplane,F:\sketchy_dataset_photocues\tx_000100000000\airplane\n02691156_14875.jpg
FALSE,TRUE,airplane,F:\sketchy_dataset_photocues\tx_000100000000\airplane\n02691156_14912.jpg
FALSE,TRUE,airplane,F:\sketchy_dataset_photocues\tx_000100000000\airplane\n02691156_24584.jpg
FALSE,TRUE,airplane,F:\sketchy_dataset_photocues\tx_000100000000\airplane\n02691156_32417.jpg
FALSE,TRUE,airplane,F:\sketchy_dataset_photocues\tx_000100000000\airplane\n02691156_43250.jpg
FALSE,TRUE,bread,F:\sketchy_dataset_photocues\tx_000100000000\bread\n07679356_25758.jpg
FALSE,TRUE,bread,F:\sketchy_dataset_photocues\tx_000100000000\bread\n07679356_26882.jpg
FALSE,TRUE,bread,F:\sketchy_dataset_photocues\tx_000100000000\bread\n07679356_27111.jpg
FALSE,TRUE,bread,F:\sketchy_dataset_photocues\tx_000100000000\bread\n07679356_27158.jpg
FALSE,TRUE,bread,F:\sketchy_dataset_photocues\tx_000100000000\bread\n07679356_30708.jpg
FALSE,TRUE,bread,F:\sketchy_dataset_photocues\tx_000100000000\bread\n07682316_1438.jpg
FALSE,TRUE,bread,F:\sketchy_dataset_photocues\tx_000100000000\bread\n07682316_7608.jpg
FALSE,TRUE,bread,F:\sketchy_dataset_photocues\tx_000100000000\bread\n07683786_151.jpg
FALSE,TRUE,bread,F:\sketchy_dataset_photocues\tx_000100000000\bread\n07683786_2505.jpg
FALSE,TRUE,bread,F:\sketchy_dataset_photocues\tx_000100000000\bread\n07683786_7199.jpg
FALSE,TRUE,bread,F:\sketchy_dataset_photocues\tx_000100000000\bread\n07683786_15484.jpg
FALSE,TRUE,bread,F:\sketchy_dataset_photocues\tx_000100000000\bread\n07683786_18975.jpg
FALSE,TRUE,bread,F:\sketchy_dataset_photocues\tx_000100000000\bread\n07683786_19512.jpg
FALSE,TRUE,bread,F:\sketchy_dataset_photocues\tx_000100000000\bread\n07683786_19943.jpg
FALSE,TRUE,bread,F:\sketchy_dataset_photocues\tx_000100000000\bread\n07683786_24450.jpg
FALSE,TRUE,bread,F:\sketchy_dataset_photocues\tx_000100000000\bread\n07684084_308.jpg
FALSE,TRUE,bread,F:\sketchy_dataset_photocues\tx_000100000000\bread\n07684084_368.jpg
FALSE,TRUE,bread,F:\sketchy_dataset_photocues\tx_000100000000\bread\n07684084_492.jpg
FALSE,TRUE,bread,F:\sketchy_dataset_photocues\tx_000100000000\bread\n07684084_1031.jpg
FALSE,TRUE,bread,F:\sketchy_dataset_photocues\tx_000100000000\bread\n07684084_1442.jpg
FALSE,TRUE,bread,F:\sketchy_dataset_photocues\tx_000100000000\bread\n07684084_1535.jpg
FALSE,TRUE,bread,F:\sketchy_dataset_photocues\tx_000100000000\bread\n07684084_1579.jpg
FALSE,TRUE,bread,F:\sketchy_dataset_photocues\tx_000100000000\bread\n07684084_1599.jpg
FALSE,TRUE,bread,F:\sketchy_dataset_photocues\tx_000100000000\bread\n07684084_1748.jpg
FALSE,TRUE,bread,F:\sketchy_dataset_photocues\tx_000100000000\bread\n07684084_2085.jpg
FALSE,TRUE,bread,F:\sketchy_dataset_photocues\tx_000100000000\bread\n07684084_2792.jpg
FALSE,TRUE,bread,F:\sketchy_dataset_photocues\tx_000100000000\bread\n07684084_2909.jpg
FALSE,TRUE,bread,F:\sketchy_dataset_photocues\tx_000100000000\bread\n07684084_4550.jpg
FALSE,TRUE,bread,F:\sketchy_dataset_photocues\tx_000100000000\bread\n07687211_18518.jpg
FALSE,TRUE,bread,F:\sketchy_dataset_photocues\tx_000100000000\bread\n07687211_22592.jpg
FALSE,TRUE,bread,F:\sketchy_dataset_photocues\tx_000100000000\bread\n07687469_4176.jpg
FALSE,TRUE,bread,F:\sketchy_dataset_photocues\tx_000100000000\bread\n07687469_5852.jpg
FALSE,TRUE,car_(sedan),F:\sketchy_dataset_photocues\tx_000100000000\car_(sedan)\n02958343_255.jpg
FALSE,TRUE,car_(sedan),F:\sketchy_dataset_photocues\tx_000100000000\car_(sedan)\n02958343_494.jpg
FALSE,TRUE,car_(sedan),F:\sketchy_dataset_photocues\tx_000100000000\car_(sedan)\n02958343_1104.jpg
FALSE,TRUE,car_(sedan),F:\sketchy_dataset_photocues\tx_000100000000\car_(sedan)\n02958343_1653.jpg
FALSE,TRUE,car_(sedan),F:\sketchy_dataset_photocues\tx_000100000000\car_(sedan)\n02958343_3763.jpg
FALSE,TRUE,car_(sedan),F:\sketchy_dataset_photocues\tx_000100000000\car_(sedan)\n02958343_3787.jpg
FALSE,TRUE,car_(sedan),F:\sketchy_dataset_photocues\tx_000100000000\car_(sedan)\n02958343_4632.jpg
FALSE,TRUE,car_(sedan),F:\sketchy_dataset_photocues\tx_000100000000\car_(sedan)\n02958343_4750.jpg
FALSE,TRUE,car_(sedan),F:\sketchy_dataset_photocues\tx_000100000000\car_(sedan)\n02958343_5640.jpg
FALSE,TRUE,car_(sedan),F:\sketchy_dataset_photocues\tx_000100000000\car_(sedan)\n02958343_9022.jpg
FALSE,TRUE,car_(sedan),F:\sketchy_dataset_photocues\tx_000100000000\car_(sedan)\n02958343_12252.jpg
FALSE,TRUE,car_(sedan),F:\sketchy_dataset_photocues\tx_000100000000\car_(sedan)\n02958343_12557.jpg
FALSE,TRUE,car_(sedan),F:\sketchy_dataset_photocues\tx_000100000000\car_(sedan)\n02958343_13036.jpg
FALSE,TRUE,car_(sedan),F:\sketchy_dataset_photocues\tx_000100000000\car_(sedan)\n02958343_13615.jpg
FALSE,TRUE,car_(sedan),F:\sketchy_dataset_photocues\tx_000100000000\car_(sedan)\n02958343_14347.jpg
FALSE,TRUE,car_(sedan),F:\sketchy_dataset_photocues\tx_000100000000\car_(sedan)\n02958343_14365.jpg
FALSE,TRUE,car_(sedan),F:\sketchy_dataset_photocues\tx_000100000000\car_(sedan)\n04166281_185.jpg
FALSE,TRUE,car_(sedan),F:\sketchy_dataset_photocues\tx_000100000000\car_(sedan)\n04166281_263.jpg
FALSE,TRUE,car_(sedan),F:\sketchy_dataset_photocues\tx_000100000000\car_(sedan)\n04166281_388.jpg
FALSE,TRUE,car_(sedan),F:\sketchy_dataset_photocues\tx_000100000000\car_(sedan)\n04166281_2370.jpg
FALSE,TRUE,car_(sedan),F:\sketchy_dataset_photocues\tx_000100000000\car_(sedan)\n04166281_4002.jpg
FALSE,TRUE,car_(sedan),F:\sketchy_dataset_photocues\tx_000100000000\car_(sedan)\n04166281_4166.jpg
FALSE,TRUE,car_(sedan),F:\sketchy_dataset_photocues\tx_000100000000\car_(sedan)\n04166281_4376.jpg
FALSE,TRUE,car_(sedan),F:\sketchy_dataset_photocues\tx_000100000000\car_(sedan)\n04166281_5545.jpg
FALSE,TRUE,car_(sedan),F:\sketchy_dataset_photocues\tx_000100000000\car_(sedan)\n04166281_6626.jpg
FALSE,TRUE,car_(sedan),F:\sketchy_dataset_photocues\tx_000100000000\car_(sedan)\n04166281_6665.jpg
FALSE,TRUE,car_(sedan),F:\sketchy_dataset_photocues\tx_000100000000\car_(sedan)\n04166281_7105.jpg
FALSE,TRUE,car_(sedan),F:\sketchy_dataset_photocues\tx_000100000000\car_(sedan)\n04166281_8236.jpg
FALSE,TRUE,car_(sedan),F:\sketchy_dataset_photocues\tx_000100000000\car_(sedan)\n04166281_11736.jpg
FALSE,TRUE,car_(sedan),F:\sketchy_dataset_photocues\tx_000100000000\car_(sedan)\n04166281_19230.jpg
FALSE,TRUE,car_(sedan),F:\sketchy_dataset_photocues\tx_000100000000\car_(sedan)\n04166281_23980.jpg
FALSE,TRUE,car_(sedan),F:\sketchy_dataset_photocues\tx_000100000000\car_(sedan)\n04166281_28282.jpg
FALSE,TRUE,cup,F:\sketchy_dataset_photocues\tx_000100000000\cup\n03063073_141.jpg
FALSE,TRUE,cup,F:\sketchy_dataset_photocues\tx_000100000000\cup\n03063073_505.jpg
FALSE,TRUE,cup,F:\sketchy_dataset_photocues\tx_000100000000\cup\n03063073_2328.jpg
FALSE,TRUE,cup,F:\sketchy_dataset_photocues\tx_000100000000\cup\n03063073_3103.jpg
FALSE,TRUE,cup,F:\sketchy_dataset_photocues\tx_000100000000\cup\n03063073_3117.jpg
FALSE,TRUE,cup,F:\sketchy_dataset_photocues\tx_000100000000\cup\n03063073_3395.jpg
FALSE,TRUE,cup,F:\sketchy_dataset_photocues\tx_000100000000\cup\n03063073_4369.jpg
FALSE,TRUE,cup,F:\sketchy_dataset_photocues\tx_000100000000\cup\n03063073_7127.jpg
FALSE,TRUE,cup,F:\sketchy_dataset_photocues\tx_000100000000\cup\n03063073_7161.jpg
FALSE,TRUE,cup,F:\sketchy_dataset_photocues\tx_000100000000\cup\n03063073_8017.jpg
FALSE,TRUE,cup,F:\sketchy_dataset_photocues\tx_000100000000\cup\n03063073_9082.jpg
FALSE,TRUE,cup,F:\sketchy_dataset_photocues\tx_000100000000\cup\n03147509_319.jpg
FALSE,TRUE,cup,F:\sketchy_dataset_photocues\tx_000100000000\cup\n03147509_529.jpg
FALSE,TRUE,cup,F:\sketchy_dataset_photocues\tx_000100000000\cup\n03147509_710.jpg
FALSE,TRUE,cup,F:\sketchy_dataset_photocues\tx_000100000000\cup\n03147509_4571.jpg
FALSE,TRUE,cup,F:\sketchy_dataset_photocues\tx_000100000000\cup\n03147509_4947.jpg
FALSE,TRUE,cup,F:\sketchy_dataset_photocues\tx_000100000000\cup\n03147509_6343.jpg
FALSE,TRUE,cup,F:\sketchy_dataset_photocues\tx_000100000000\cup\n03147509_6382.jpg
FALSE,TRUE,cup,F:\sketchy_dataset_photocues\tx_000100000000\cup\n03147509_10316.jpg
FALSE,TRUE,cup,F:\sketchy_dataset_photocues\tx_000100000000\cup\n03147509_11467.jpg
FALSE,TRUE,cup,F:\sketchy_dataset_photocues\tx_000100000000\cup\n03147509_12587.jpg
FALSE,TRUE,cup,F:\sketchy_dataset_photocues\tx_000100000000\cup\n03147509_15208.jpg
FALSE,TRUE,cup,F:\sketchy_dataset_photocues\tx_000100000000\cup\n03147509_17138.jpg
FALSE,TRUE,cup,F:\sketchy_dataset_photocues\tx_000100000000\cup\n03147509_20180.jpg
FALSE,TRUE,cup,F:\sketchy_dataset_photocues\tx_000100000000\cup\n03147509_20211.jpg
FALSE,TRUE,cup,F:\sketchy_dataset_photocues\tx_000100000000\cup\n03147509_20483.jpg
FALSE,TRUE,cup,F:\sketchy_dataset_photocues\tx_000100000000\cup\n03147509_20900.jpg
FALSE,TRUE,cup,F:\sketchy_dataset_photocues\tx_000100000000\cup\n03147509_21241.jpg
FALSE,TRUE,cup,F:\sketchy_dataset_photocues\tx_000100000000\cup\n03147509_21603.jpg
FALSE,TRUE,cup,F:\sketchy_dataset_photocues\tx_000100000000\cup\n03147509_21660.jpg
FALSE,TRUE,cup,F:\sketchy_dataset_photocues\tx_000100000000\cup\n03147509_21736.jpg
FALSE,TRUE,cup,F:\sketchy_dataset_photocues\tx_000100000000\cup\n03147509_21910.jpg
FALSE,TRUE,hat,F:\sketchy_dataset_photocues\tx_000100000000\hat\n02859184_5816.jpg
FALSE,TRUE,hat,F:\sketchy_dataset_photocues\tx_000100000000\hat\n02859184_9160.jpg
FALSE,TRUE,hat,F:\sketchy_dataset_photocues\tx_000100000000\hat\n02859184_29863.jpg
FALSE,TRUE,hat,F:\sketchy_dataset_photocues\tx_000100000000\hat\n02954340_1288.jpg
FALSE,TRUE,hat,F:\sketchy_dataset_photocues\tx_000100000000\hat\n02954340_1543.jpg
FALSE,TRUE,hat,F:\sketchy_dataset_photocues\tx_000100000000\hat\n02954340_2076.jpg
FALSE,TRUE,hat,F:\sketchy_dataset_photocues\tx_000100000000\hat\n02954340_3707.jpg
FALSE,TRUE,hat,F:\sketchy_dataset_photocues\tx_000100000000\hat\n02954340_3844.jpg
FALSE,TRUE,hat,F:\sketchy_dataset_photocues\tx_000100000000\hat\n02954340_5453.jpg
FALSE,TRUE,hat,F:\sketchy_dataset_photocues\tx_000100000000\hat\n02954340_6593.jpg
FALSE,TRUE,hat,F:\sketchy_dataset_photocues\tx_000100000000\hat\n02954340_7738.jpg
FALSE,TRUE,hat,F:\sketchy_dataset_photocues\tx_000100000000\hat\n02954340_13808.jpg
FALSE,TRUE,hat,F:\sketchy_dataset_photocues\tx_000100000000\hat\n02954340_14787.jpg
FALSE,TRUE,hat,F:\sketchy_dataset_photocues\tx_000100000000\hat\n03028785_911.jpg
FALSE,TRUE,hat,F:\sketchy_dataset_photocues\tx_000100000000\hat\n03028785_1830.jpg
FALSE,TRUE,hat,F:\sketchy_dataset_photocues\tx_000100000000\hat\n03028785_2125.jpg
FALSE,TRUE,hat,F:\sketchy_dataset_photocues\tx_000100000000\hat\n03028785_3132.jpg
FALSE,TRUE,hat,F:\sketchy_dataset_photocues\tx_000100000000\hat\n03124170_1722.jpg
FALSE,TRUE,hat,F:\sketchy_dataset_photocues\tx_000100000000\hat\n03124170_7699.jpg
FALSE,TRUE,hat,F:\sketchy_dataset_photocues\tx_000100000000\hat\n03124170_12282.jpg
FALSE,TRUE,hat,F:\sketchy_dataset_photocues\tx_000100000000\hat\n03497657_2392.jpg
FALSE,TRUE,hat,F:\sketchy_dataset_photocues\tx_000100000000\hat\n03497657_2898.jpg
FALSE,TRUE,hat,F:\sketchy_dataset_photocues\tx_000100000000\hat\n03497657_3586.jpg
FALSE,TRUE,hat,F:\sketchy_dataset_photocues\tx_000100000000\hat\n03497657_10172.jpg
FALSE,TRUE,hat,F:\sketchy_dataset_photocues\tx_000100000000\hat\n03497657_10828.jpg
FALSE,TRUE,hat,F:\sketchy_dataset_photocues\tx_000100000000\hat\n03497657_16372.jpg
FALSE,TRUE,hat,F:\sketchy_dataset_photocues\tx_000100000000\hat\n03497657_19826.jpg
FALSE,TRUE,hat,F:\sketchy_dataset_photocues\tx_000100000000\hat\n03497657_25056.jpg
FALSE,TRUE,hat,F:\sketchy_dataset_photocues\tx_000100000000\hat\n04259630_2174.jpg
FALSE,TRUE,hat,F:\sketchy_dataset_photocues\tx_000100000000\hat\n04259630_3053.jpg
FALSE,TRUE,hat,F:\sketchy_dataset_photocues\tx_000100000000\hat\n04259630_9339.jpg
FALSE,TRUE,hat,F:\sketchy_dataset_photocues\tx_000100000000\hat\n04259630_14479.jpg
FALSE,TRUE,piano,F:\sketchy_dataset_photocues\tx_000100000000\piano\n03452741_158.jpg
FALSE,TRUE,piano,F:\sketchy_dataset_photocues\tx_000100000000\piano\n03452741_851.jpg
FALSE,TRUE,piano,F:\sketchy_dataset_photocues\tx_000100000000\piano\n03452741_942.jpg
FALSE,TRUE,piano,F:\sketchy_dataset_photocues\tx_000100000000\piano\n03452741_960.jpg
FALSE,TRUE,piano,F:\sketchy_dataset_photocues\tx_000100000000\piano\n03452741_2201.jpg
FALSE,TRUE,piano,F:\sketchy_dataset_photocues\tx_000100000000\piano\n03452741_2991.jpg
FALSE,TRUE,piano,F:\sketchy_dataset_photocues\tx_000100000000\piano\n03452741_3008.jpg
FALSE,TRUE,piano,F:\sketchy_dataset_photocues\tx_000100000000\piano\n03452741_3792.jpg
FALSE,TRUE,piano,F:\sketchy_dataset_photocues\tx_000100000000\piano\n03452741_3885.jpg
FALSE,TRUE,piano,F:\sketchy_dataset_photocues\tx_000100000000\piano\n03452741_3888.jpg
FALSE,TRUE,piano,F:\sketchy_dataset_photocues\tx_000100000000\piano\n03452741_4394.jpg
FALSE,TRUE,piano,F:\sketchy_dataset_photocues\tx_000100000000\piano\n03452741_4470.jpg
FALSE,TRUE,piano,F:\sketchy_dataset_photocues\tx_000100000000\piano\n03452741_5409.jpg
FALSE,TRUE,piano,F:\sketchy_dataset_photocues\tx_000100000000\piano\n03452741_5937.jpg
FALSE,TRUE,piano,F:\sketchy_dataset_photocues\tx_000100000000\piano\n03452741_6174.jpg
FALSE,TRUE,piano,F:\sketchy_dataset_photocues\tx_000100000000\piano\n03452741_6507.jpg
FALSE,TRUE,piano,F:\sketchy_dataset_photocues\tx_000100000000\piano\n03452741_8040.jpg
FALSE,TRUE,piano,F:\sketchy_dataset_photocues\tx_000100000000\piano\n03452741_8139.jpg
FALSE,TRUE,piano,F:\sketchy_dataset_photocues\tx_000100000000\piano\n03452741_10532.jpg
FALSE,TRUE,piano,F:\sketchy_dataset_photocues\tx_000100000000\piano\n03452741_10838.jpg
FALSE,TRUE,piano,F:\sketchy_dataset_photocues\tx_000100000000\piano\n03452741_10885.jpg
FALSE,TRUE,piano,F:\sketchy_dataset_photocues\tx_000100000000\piano\n03452741_13512.jpg
FALSE,TRUE,piano,F:\sketchy_dataset_photocues\tx_000100000000\piano\n03452741_13845.jpg
FALSE,TRUE,piano,F:\sketchy_dataset_photocues\tx_000100000000\piano\n03452741_15019.jpg
FALSE,TRUE,piano,F:\sketchy_dataset_photocues\tx_000100000000\piano\n03452741_16790.jpg
FALSE,TRUE,piano,F:\sketchy_dataset_photocues\tx_000100000000\piano\n03452741_18302.jpg
FALSE,TRUE,piano,F:\sketchy_dataset_photocues\tx_000100000000\piano\n03452741_18492.jpg
FALSE,TRUE,piano,F:\sketchy_dataset_photocues\tx_000100000000\piano\n03452741_20205.jpg
FALSE,TRUE,piano,F:\sketchy_dataset_photocues\tx_000100000000\piano\n03452741_22573.jpg
FALSE,TRUE,piano,F:\sketchy_dataset_photocues\tx_000100000000\piano\n03452741_23817.jpg
FALSE,TRUE,piano,F:\sketchy_dataset_photocues\tx_000100000000\piano\n03452741_24887.jpg
FALSE,TRUE,piano,F:\sketchy_dataset_photocues\tx_000100000000\piano\n03452741_25897.jpg
FALSE,TRUE,skyscraper,F:\sketchy_dataset_photocues\tx_000100000000\skyscraper\n04233124_666.jpg
FALSE,TRUE,skyscraper,F:\sketchy_dataset_photocues\tx_000100000000\skyscraper\n04233124_802.jpg
FALSE,TRUE,skyscraper,F:\sketchy_dataset_photocues\tx_000100000000\skyscraper\n04233124_1041.jpg
FALSE,TRUE,skyscraper,F:\sketchy_dataset_photocues\tx_000100000000\skyscraper\n04233124_1473.jpg
FALSE,TRUE,skyscraper,F:\sketchy_dataset_photocues\tx_000100000000\skyscraper\n04233124_2406.jpg
FALSE,TRUE,skyscraper,F:\sketchy_dataset_photocues\tx_000100000000\skyscraper\n04233124_2621.jpg
FALSE,TRUE,skyscraper,F:\sketchy_dataset_photocues\tx_000100000000\skyscraper\n04233124_2841.jpg
FALSE,TRUE,skyscraper,F:\sketchy_dataset_photocues\tx_000100000000\skyscraper\n04233124_2941.jpg
FALSE,TRUE,skyscraper,F:\sketchy_dataset_photocues\tx_000100000000\skyscraper\n04233124_3025.jpg
FALSE,TRUE,skyscraper,F:\sketchy_dataset_photocues\tx_000100000000\skyscraper\n04233124_3095.jpg
FALSE,TRUE,skyscraper,F:\sketchy_dataset_photocues\tx_000100000000\skyscraper\n04233124_3269.jpg
FALSE,TRUE,skyscraper,F:\sketchy_dataset_photocues\tx_000100000000\skyscraper\n04233124_3640.jpg
FALSE,TRUE,skyscraper,F:\sketchy_dataset_photocues\tx_000100000000\skyscraper\n04233124_4190.jpg
FALSE,TRUE,skyscraper,F:\sketchy_dataset_photocues\tx_000100000000\skyscraper\n04233124_4225.jpg
FALSE,TRUE,skyscraper,F:\sketchy_dataset_photocues\tx_000100000000\skyscraper\n04233124_4313.jpg
FALSE,TRUE,skyscraper,F:\sketchy_dataset_photocues\tx_000100000000\skyscraper\n04233124_4351.jpg
FALSE,TRUE,skyscraper,F:\sketchy_dataset_photocues\tx_000100000000\skyscraper\n04233124_5131.jpg
FALSE,TRUE,skyscraper,F:\sketchy_dataset_photocues\tx_000100000000\skyscraper\n04233124_5852.jpg
FALSE,TRUE,skyscraper,F:\sketchy_dataset_photocues\tx_000100000000\skyscraper\n04233124_6014.jpg
FALSE,TRUE,skyscraper,F:\sketchy_dataset_photocues\tx_000100000000\skyscraper\n04233124_6336.jpg
FALSE,TRUE,skyscraper,F:\sketchy_dataset_photocues\tx_000100000000\skyscraper\n04233124_7446.jpg
FALSE,TRUE,skyscraper,F:\sketchy_dataset_photocues\tx_000100000000\skyscraper\n04233124_8777.jpg
FALSE,TRUE,skyscraper,F:\sketchy_dataset_photocues\tx_000100000000\skyscraper\n04233124_9319.jpg
FALSE,TRUE,skyscraper,F:\sketchy_dataset_photocues\tx_000100000000\skyscraper\n04233124_9355.jpg
FALSE,TRUE,skyscraper,F:\sketchy_dataset_photocues\tx_000100000000\skyscraper\n04233124_10716.jpg
FALSE,TRUE,skyscraper,F:\sketchy_dataset_photocues\tx_000100000000\skyscraper\n04233124_15435.jpg
FALSE,TRUE,skyscraper,F:\sketchy_dataset_photocues\tx_000100000000\skyscraper\n04233124_16457.jpg
FALSE,TRUE,skyscraper,F:\sketchy_dataset_photocues\tx_000100000000\skyscraper\n04233124_17087.jpg
FALSE,TRUE,skyscraper,F:\sketchy_dataset_photocues\tx_000100000000\skyscraper\n04233124_17351.jpg
FALSE,TRUE,skyscraper,F:\sketchy_dataset_photocues\tx_000100000000\skyscraper\n04233124_18366.jpg
FALSE,TRUE,skyscraper,F:\sketchy_dataset_photocues\tx_000100000000\skyscraper\n04233124_20845.jpg
FALSE,TRUE,skyscraper,F:\sketchy_dataset_photocues\tx_000100000000\skyscraper\n04233124_25348.jpg
FALSE,TRUE,window,F:\sketchy_dataset_photocues\tx_000100000000\window\n03227184_935.jpg
FALSE,TRUE,window,F:\sketchy_dataset_photocues\tx_000100000000\window\n03227184_2268.jpg
FALSE,TRUE,window,F:\sketchy_dataset_photocues\tx_000100000000\window\n03227184_3151.jpg
FALSE,TRUE,window,F:\sketchy_dataset_photocues\tx_000100000000\window\n03227184_3181.jpg
FALSE,TRUE,window,F:\sketchy_dataset_photocues\tx_000100000000\window\n03227184_3185.jpg
FALSE,TRUE,window,F:\sketchy_dataset_photocues\tx_000100000000\window\n03227184_3259.jpg
FALSE,TRUE,window,F:\sketchy_dataset_photocues\tx_000100000000\window\n03227184_3308.jpg
FALSE,TRUE,window,F:\sketchy_dataset_photocues\tx_000100000000\window\n03227184_3314.jpg
FALSE,TRUE,window,F:\sketchy_dataset_photocues\tx_000100000000\window\n03227184_3465.jpg
FALSE,TRUE,window,F:\sketchy_dataset_photocues\tx_000100000000\window\n03227184_3510.jpg
FALSE,TRUE,window,F:\sketchy_dataset_photocues\tx_000100000000\window\n03227184_3744.jpg
FALSE,TRUE,window,F:\sketchy_dataset_photocues\tx_000100000000\window\n03395514_4537.jpg
FALSE,TRUE,window,F:\sketchy_dataset_photocues\tx_000100000000\window\n04239333_4669.jpg
FALSE,TRUE,window,F:\sketchy_dataset_photocues\tx_000100000000\window\n04239333_7624.jpg
FALSE,TRUE,window,F:\sketchy_dataset_photocues\tx_000100000000\window\n04239333_7667.jpg
FALSE,TRUE,window,F:\sketchy_dataset_photocues\tx_000100000000\window\n04587648_314.jpg
FALSE,TRUE,window,F:\sketchy_dataset_photocues\tx_000100000000\window\n04587648_850.jpg
FALSE,TRUE,window,F:\sketchy_dataset_photocues\tx_000100000000\window\n04587648_1510.jpg
FALSE,TRUE,window,F:\sketchy_dataset_photocues\tx_000100000000\window\n04587648_2923.jpg
FALSE,TRUE,window,F:\sketchy_dataset_photocues\tx_000100000000\window\n04587648_3619.jpg
FALSE,TRUE,window,F:\sketchy_dataset_photocues\tx_000100000000\window\n04587648_3854.jpg
FALSE,TRUE,window,F:\sketchy_dataset_photocues\tx_000100000000\window\n04587648_4428.jpg
FALSE,TRUE,window,F:\sketchy_dataset_photocues\tx_000100000000\window\n04587648_4760.jpg
FALSE,TRUE,window,F:\sketchy_dataset_photocues\tx_000100000000\window\n04587648_12103.jpg
FALSE,TRUE,window,F:\sketchy_dataset_photocues\tx_000100000000\window\n04587648_16394.jpg
FALSE,TRUE,window,F:\sketchy_dataset_photocues\tx_000100000000\window\n04589593_10327.jpg
FALSE,TRUE,window,F:\sketchy_dataset_photocues\tx_000100000000\window\n04589593_10459.jpg
FALSE,TRUE,window,F:\sketchy_dataset_photocues\tx_000100000000\window\n04589593_10706.jpg
FALSE,TRUE,window,F:\sketchy_dataset_photocues\tx_000100000000\window\n04589593_11597.jpg
FALSE,TRUE,window,F:\sketchy_dataset_photocues\tx_000100000000\window\n04589593_12197.jpg
FALSE,TRUE,window,F:\sketchy_dataset_photocues\tx_000100000000\window\n04589593_13007.jpg
FALSE,TRUE,window,F:\sketchy_dataset_photocues\tx_000100000000\window\n04589593_14314.jpg
FALSE,FALSE,axe,F:\sketchy_dataset_photocues\tx_000100000000\axe\n02764044_176.jpg
FALSE,FALSE,axe,F:\sketchy_dataset_photocues\tx_000100000000\axe\n02764044_1990.jpg
FALSE,FALSE,axe,F:\sketchy_dataset_photocues\tx_000100000000\axe\n02764044_3375.jpg
FALSE,FALSE,axe,F:\sketchy_dataset_photocues\tx_000100000000\axe\n02764044_6474.jpg
FALSE,FALSE,axe,F:\sketchy_dataset_photocues\tx_000100000000\axe\n02764044_7091.jpg
FALSE,FALSE,axe,F:\sketchy_dataset_photocues\tx_000100000000\axe\n02764044_8535.jpg
FALSE,FALSE,axe,F:\sketchy_dataset_photocues\tx_000100000000\axe\n02764044_9454.jpg
FALSE,FALSE,axe,F:\sketchy_dataset_photocues\tx_000100000000\axe\n02764044_10976.jpg
FALSE,FALSE,axe,F:\sketchy_dataset_photocues\tx_000100000000\axe\n02764044_12069.jpg
FALSE,FALSE,axe,F:\sketchy_dataset_photocues\tx_000100000000\axe\n02764044_13358.jpg
FALSE,FALSE,axe,F:\sketchy_dataset_photocues\tx_000100000000\axe\n02764044_14703.jpg
FALSE,FALSE,axe,F:\sketchy_dataset_photocues\tx_000100000000\axe\n02764044_16928.jpg
FALSE,FALSE,axe,F:\sketchy_dataset_photocues\tx_000100000000\axe\n02764044_17192.jpg
FALSE,FALSE,axe,F:\sketchy_dataset_photocues\tx_000100000000\axe\n02764044_20228.jpg
FALSE,FALSE,axe,F:\sketchy_dataset_photocues\tx_000100000000\axe\n02764044_20310.jpg
FALSE,FALSE,axe,F:\sketchy_dataset_photocues\tx_000100000000\axe\n02764044_21188.jpg
FALSE,FALSE,axe,F:\sketchy_dataset_photocues\tx_000100000000\axe\n02764044_21704.jpg
FALSE,FALSE,axe,F:\sketchy_dataset_photocues\tx_000100000000\axe\n02764044_25921.jpg
FALSE,FALSE,axe,F:\sketchy_dataset_photocues\tx_000100000000\axe\n02764044_29021.jpg
FALSE,FALSE,axe,F:\sketchy_dataset_photocues\tx_000100000000\axe\n02764044_29537.jpg
FALSE,FALSE,axe,F:\sketchy_dataset_photocues\tx_000100000000\axe\n02764044_30521.jpg
FALSE,FALSE,axe,F:\sketchy_dataset_photocues\tx_000100000000\axe\n02764044_31651.jpg
FALSE,FALSE,axe,F:\sketchy_dataset_photocues\tx_000100000000\axe\n02764044_35733.jpg
FALSE,FALSE,axe,F:\sketchy_dataset_photocues\tx_000100000000\axe\n02764044_40155.jpg
FALSE,FALSE,axe,F:\sketchy_dataset_photocues\tx_000100000000\axe\n02764044_40830.jpg
FALSE,FALSE,axe,F:\sketchy_dataset_photocues\tx_000100000000\axe\n02764044_41329.jpg
FALSE,FALSE,axe,F:\sketchy_dataset_photocues\tx_000100000000\axe\n02764044_41464.jpg
FALSE,FALSE,axe,F:\sketchy_dataset_photocues\tx_000100000000\axe\n02764044_42054.jpg
FALSE,FALSE,axe,F:\sketchy_dataset_photocues\tx_000100000000\axe\n02764044_42328.jpg
FALSE,FALSE,axe,F:\sketchy_dataset_photocues\tx_000100000000\axe\n02764044_42388.jpg
FALSE,FALSE,axe,F:\sketchy_dataset_photocues\tx_000100000000\axe\n02764044_55720.jpg
FALSE,FALSE,axe,F:\sketchy_dataset_photocues\tx_000100000000\axe\n02764044_67991.jpg
FALSE,FALSE,blimp,F:\sketchy_dataset_photocues\tx_000100000000\blimp\n02850950_58.jpg
FALSE,FALSE,blimp,F:\sketchy_dataset_photocues\tx_000100000000\blimp\n02850950_1270.jpg
FALSE,FALSE,blimp,F:\sketchy_dataset_photocues\tx_000100000000\blimp\n02850950_1715.jpg
FALSE,FALSE,blimp,F:\sketchy_dataset_photocues\tx_000100000000\blimp\n02850950_2555.jpg
FALSE,FALSE,blimp,F:\sketchy_dataset_photocues\tx_000100000000\blimp\n02850950_2667.jpg
FALSE,FALSE,blimp,F:\sketchy_dataset_photocues\tx_000100000000\blimp\n02850950_3246.jpg
FALSE,FALSE,blimp,F:\sketchy_dataset_photocues\tx_000100000000\blimp\n02850950_4074.jpg
FALSE,FALSE,blimp,F:\sketchy_dataset_photocues\tx_000100000000\blimp\n02850950_4461.jpg
FALSE,FALSE,blimp,F:\sketchy_dataset_photocues\tx_000100000000\blimp\n02850950_4845.jpg
FALSE,FALSE,blimp,F:\sketchy_dataset_photocues\tx_000100000000\blimp\n02850950_5260.jpg
FALSE,FALSE,blimp,F:\sketchy_dataset_photocues\tx_000100000000\blimp\n02850950_6376.jpg
FALSE,FALSE,blimp,F:\sketchy_dataset_photocues\tx_000100000000\blimp\n02850950_8408.jpg
FALSE,FALSE,blimp,F:\sketchy_dataset_photocues\tx_000100000000\blimp\n02850950_8492.jpg
FALSE,FALSE,blimp,F:\sketchy_dataset_photocues\tx_000100000000\blimp\n02850950_9240.jpg
FALSE,FALSE,blimp,F:\sketchy_dataset_photocues\tx_000100000000\blimp\n02850950_9489.jpg
FALSE,FALSE,blimp,F:\sketchy_dataset_photocues\tx_000100000000\blimp\n02850950_10002.jpg
FALSE,FALSE,blimp,F:\sketchy_dataset_photocues\tx_000100000000\blimp\n02850950_10427.jpg
FALSE,FALSE,blimp,F:\sketchy_dataset_photocues\tx_000100000000\blimp\n02850950_11805.jpg
FALSE,FALSE,blimp,F:\sketchy_dataset_photocues\tx_000100000000\blimp\n02850950_12448.jpg
FALSE,FALSE,blimp,F:\sketchy_dataset_photocues\tx_000100000000\blimp\n02850950_13395.jpg
FALSE,FALSE,blimp,F:\sketchy_dataset_photocues\tx_000100000000\blimp\n02850950_13803.jpg
FALSE,FALSE,blimp,F:\sketchy_dataset_photocues\tx_000100000000\blimp\n02850950_13849.jpg
FALSE,FALSE,blimp,F:\sketchy_dataset_photocues\tx_000100000000\blimp\n02850950_15323.jpg
FALSE,FALSE,blimp,F:\sketchy_dataset_photocues\tx_000100000000\blimp\n02850950_16061.jpg
FALSE,FALSE,blimp,F:\sketchy_dataset_photocues\tx_000100000000\blimp\n02850950_16256.jpg
FALSE,FALSE,blimp,F:\sketchy_dataset_photocues\tx_000100000000\blimp\n02850950_16365.jpg
FALSE,FALSE,blimp,F:\sketchy_dataset_photocues\tx_000100000000\blimp\n02850950_17564.jpg
FALSE,FALSE,blimp,F:\sketchy_dataset_photocues\tx_000100000000\blimp\n02850950_18396.jpg
FALSE,FALSE,blimp,F:\sketchy_dataset_photocues\tx_000100000000\blimp\n02850950_19409.jpg
FALSE,FALSE,blimp,F:\sketchy_dataset_photocues\tx_000100000000\blimp\n02850950_21393.jpg
FALSE,FALSE,blimp,F:\sketchy_dataset_photocues\tx_000100000000\blimp\n02850950_21444.jpg
FALSE,FALSE,blimp,F:\sketchy_dataset_photocues\tx_000100000000\blimp\n02850950_22966.jpg
FALSE,FALSE,castle,F:\sketchy_dataset_photocues\tx_000100000000\castle\n02980441_488.jpg
FALSE,FALSE,castle,F:\sketchy_dataset_photocues\tx_000100000000\castle\n02980441_687.jpg
FALSE,FALSE,castle,F:\sketchy_dataset_photocues\tx_000100000000\castle\n02980441_1109.jpg
FALSE,FALSE,castle,F:\sketchy_dataset_photocues\tx_000100000000\castle\n02980441_1311.jpg
FALSE,FALSE,castle,F:\sketchy_dataset_photocues\tx_000100000000\castle\n02980441_1533.jpg
FALSE,FALSE,castle,F:\sketchy_dataset_photocues\tx_000100000000\castle\n02980441_1620.jpg
FALSE,FALSE,castle,F:\sketchy_dataset_photocues\tx_000100000000\castle\n02980441_1800.jpg
FALSE,FALSE,castle,F:\sketchy_dataset_photocues\tx_000100000000\castle\n02980441_2002.jpg
FALSE,FALSE,castle,F:\sketchy_dataset_photocues\tx_000100000000\castle\n02980441_3309.jpg
FALSE,FALSE,castle,F:\sketchy_dataset_photocues\tx_000100000000\castle\n02980441_3338.jpg
FALSE,FALSE,castle,F:\sketchy_dataset_photocues\tx_000100000000\castle\n02980441_3477.jpg
FALSE,FALSE,castle,F:\sketchy_dataset_photocues\tx_000100000000\castle\n02980441_4731.jpg
FALSE,FALSE,castle,F:\sketchy_dataset_photocues\tx_000100000000\castle\n02980441_5482.jpg
FALSE,FALSE,castle,F:\sketchy_dataset_photocues\tx_000100000000\castle\n02980441_6317.jpg
FALSE,FALSE,castle,F:\sketchy_dataset_photocues\tx_000100000000\castle\n02980441_8524.jpg
FALSE,FALSE,castle,F:\sketchy_dataset_photocues\tx_000100000000\castle\n02980441_8875.jpg
FALSE,FALSE,castle,F:\sketchy_dataset_photocues\tx_000100000000\castle\n02980441_10122.jpg
FALSE,FALSE,castle,F:\sketchy_dataset_photocues\tx_000100000000\castle\n02980441_11297.jpg
FALSE,FALSE,castle,F:\sketchy_dataset_photocues\tx_000100000000\castle\n02980441_11707.jpg
FALSE,FALSE,castle,F:\sketchy_dataset_photocues\tx_000100000000\castle\n02980441_12104.jpg
FALSE,FALSE,castle,F:\sketchy_dataset_photocues\tx_000100000000\castle\n02980441_13429.jpg
FALSE,FALSE,castle,F:\sketchy_dataset_photocues\tx_000100000000\castle\n02980441_14040.jpg
FALSE,FALSE,castle,F:\sketchy_dataset_photocues\tx_000100000000\castle\n02980441_14402.jpg
FALSE,FALSE,castle,F:\sketchy_dataset_photocues\tx_000100000000\castle\n02980441_15501.jpg
FALSE,FALSE,castle,F:\sketchy_dataset_photocues\tx_000100000000\castle\n02980441_15762.jpg
FALSE,FALSE,castle,F:\sketchy_dataset_photocues\tx_000100000000\castle\n02980441_16934.jpg
FALSE,FALSE,castle,F:\sketchy_dataset_photocues\tx_000100000000\castle\n02980441_20201.jpg
FALSE,FALSE,castle,F:\sketchy_dataset_photocues\tx_000100000000\castle\n02980441_26871.jpg
FALSE,FALSE,castle,F:\sketchy_dataset_photocues\tx_000100000000\castle\n02980441_29289.jpg
FALSE,FALSE,castle,F:\sketchy_dataset_photocues\tx_000100000000\castle\n02980441_31632.jpg
FALSE,FALSE,castle,F:\sketchy_dataset_photocues\tx_000100000000\castle\n02980441_33984.jpg
FALSE,FALSE,castle,F:\sketchy_dataset_photocues\tx_000100000000\castle\n02980441_35109.jpg
FALSE,FALSE,hotdog,F:\sketchy_dataset_photocues\tx_000100000000\hotdog\n07697537_88.jpg
FALSE,FALSE,hotdog,F:\sketchy_dataset_photocues\tx_000100000000\hotdog\n07697537_128.jpg
FALSE,FALSE,hotdog,F:\sketchy_dataset_photocues\tx_000100000000\hotdog\n07697537_1002.jpg
FALSE,FALSE,hotdog,F:\sketchy_dataset_photocues\tx_000100000000\hotdog\n07697537_1271.jpg
FALSE,FALSE,hotdog,F:\sketchy_dataset_photocues\tx_000100000000\hotdog\n07697537_2369.jpg
FALSE,FALSE,hotdog,F:\sketchy_dataset_photocues\tx_000100000000\hotdog\n07697537_2505.jpg
FALSE,FALSE,hotdog,F:\sketchy_dataset_photocues\tx_000100000000\hotdog\n07697537_3086.jpg
FALSE,FALSE,hotdog,F:\sketchy_dataset_photocues\tx_000100000000\hotdog\n07697537_4615.jpg
FALSE,FALSE,hotdog,F:\sketchy_dataset_photocues\tx_000100000000\hotdog\n07697537_4937.jpg
FALSE,FALSE,hotdog,F:\sketchy_dataset_photocues\tx_000100000000\hotdog\n07697537_5439.jpg
FALSE,FALSE,hotdog,F:\sketchy_dataset_photocues\tx_000100000000\hotdog\n07697537_6996.jpg
FALSE,FALSE,hotdog,F:\sketchy_dataset_photocues\tx_000100000000\hotdog\n07697537_7732.jpg
FALSE,FALSE,hotdog,F:\sketchy_dataset_photocues\tx_000100000000\hotdog\n07697537_9032.jpg
FALSE,FALSE,hotdog,F:\sketchy_dataset_photocues\tx_000100000000\hotdog\n07697537_9587.jpg
FALSE,FALSE,hotdog,F:\sketchy_dataset_photocues\tx_000100000000\hotdog\n07697537_10559.jpg
FALSE,FALSE,hotdog,F:\sketchy_dataset_photocues\tx_000100000000\hotdog\n07697537_11504.jpg
FALSE,FALSE,hotdog,F:\sketchy_dataset_photocues\tx_000100000000\hotdog\n07697537_12416.jpg
FALSE,FALSE,hotdog,F:\sketchy_dataset_photocues\tx_000100000000\hotdog\n07697537_13566.jpg
FALSE,FALSE,hotdog,F:\sketchy_dataset_photocues\tx_000100000000\hotdog\n07697537_15450.jpg
FALSE,FALSE,hotdog,F:\sketchy_dataset_photocues\tx_000100000000\hotdog\n07697537_15718.jpg
FALSE,FALSE,hotdog,F:\sketchy_dataset_photocues\tx_000100000000\hotdog\n07697537_16009.jpg
FALSE,FALSE,hotdog,F:\sketchy_dataset_photocues\tx_000100000000\hotdog\n07697537_23378.jpg
FALSE,FALSE,hotdog,F:\sketchy_dataset_photocues\tx_000100000000\hotdog\n07697537_23696.jpg
FALSE,FALSE,hotdog,F:\sketchy_dataset_photocues\tx_000100000000\hotdog\n07697537_24507.jpg
FALSE,FALSE,hotdog,F:\sketchy_dataset_photocues\tx_000100000000\hotdog\n07697537_26239.jpg
FALSE,FALSE,hotdog,F:\sketchy_dataset_photocues\tx_000100000000\hotdog\n07697537_30569.jpg
FALSE,FALSE,hotdog,F:\sketchy_dataset_photocues\tx_000100000000\hotdog\n07697537_31111.jpg
FALSE,FALSE,hotdog,F:\sketchy_dataset_photocues\tx_000100000000\hotdog\n07697537_31333.jpg
FALSE,FALSE,hotdog,F:\sketchy_dataset_photocues\tx_000100000000\hotdog\n07697537_32211.jpg
FALSE,FALSE,hotdog,F:\sketchy_dataset_photocues\tx_000100000000\hotdog\n07697537_32497.jpg
FALSE,FALSE,hotdog,F:\sketchy_dataset_photocues\tx_000100000000\hotdog\n07697537_32913.jpg
FALSE,FALSE,hotdog,F:\sketchy_dataset_photocues\tx_000100000000\hotdog\n07697537_34124.jpg
FALSE,FALSE,jack-o-lantern,F:\sketchy_dataset_photocues\tx_000100000000\jack-o-lantern\n03590841_21.jpg
FALSE,FALSE,jack-o-lantern,F:\sketchy_dataset_photocues\tx_000100000000\jack-o-lantern\n03590841_461.jpg
FALSE,FALSE,jack-o-lantern,F:\sketchy_dataset_photocues\tx_000100000000\jack-o-lantern\n03590841_1096.jpg
FALSE,FALSE,jack-o-lantern,F:\sketchy_dataset_photocues\tx_000100000000\jack-o-lantern\n03590841_1291.jpg
FALSE,FALSE,jack-o-lantern,F:\sketchy_dataset_photocues\tx_000100000000\jack-o-lantern\n03590841_1325.jpg
FALSE,FALSE,jack-o-lantern,F:\sketchy_dataset_photocues\tx_000100000000\jack-o-lantern\n03590841_1845.jpg
FALSE,FALSE,jack-o-lantern,F:\sketchy_dataset_photocues\tx_000100000000\jack-o-lantern\n03590841_2127.jpg
FALSE,FALSE,jack-o-lantern,F:\sketchy_dataset_photocues\tx_000100000000\jack-o-lantern\n03590841_4068.jpg
FALSE,FALSE,jack-o-lantern,F:\sketchy_dataset_photocues\tx_000100000000\jack-o-lantern\n03590841_5411.jpg
FALSE,FALSE,jack-o-lantern,F:\sketchy_dataset_photocues\tx_000100000000\jack-o-lantern\n03590841_5495.jpg
FALSE,FALSE,jack-o-lantern,F:\sketchy_dataset_photocues\tx_000100000000\jack-o-lantern\n03590841_5679.jpg
FALSE,FALSE,jack-o-lantern,F:\sketchy_dataset_photocues\tx_000100000000\jack-o-lantern\n03590841_5827.jpg
FALSE,FALSE,jack-o-lantern,F:\sketchy_dataset_photocues\tx_000100000000\jack-o-lantern\n03590841_5902.jpg
FALSE,FALSE,jack-o-lantern,F:\sketchy_dataset_photocues\tx_000100000000\jack-o-lantern\n03590841_5996.jpg
FALSE,FALSE,jack-o-lantern,F:\sketchy_dataset_photocues\tx_000100000000\jack-o-lantern\n03590841_6046.jpg
FALSE,FALSE,jack-o-lantern,F:\sketchy_dataset_photocues\tx_000100000000\jack-o-lantern\n03590841_6099.jpg
FALSE,FALSE,jack-o-lantern,F:\sketchy_dataset_photocues\tx_000100000000\jack-o-lantern\n03590841_6229.jpg
FALSE,FALSE,jack-o-lantern,F:\sketchy_dataset_photocues\tx_000100000000\jack-o-lantern\n03590841_6262.jpg
FALSE,FALSE,jack-o-lantern,F:\sketchy_dataset_photocues\tx_000100000000\jack-o-lantern\n03590841_6470.jpg
FALSE,FALSE,jack-o-lantern,F:\sketchy_dataset_photocues\tx_000100000000\jack-o-lantern\n03590841_6546.jpg
FALSE,FALSE,jack-o-lantern,F:\sketchy_dataset_photocues\tx_000100000000\jack-o-lantern\n03590841_6784.jpg
FALSE,FALSE,jack-o-lantern,F:\sketchy_dataset_photocues\tx_000100000000\jack-o-lantern\n03590841_6803.jpg
FALSE,FALSE,jack-o-lantern,F:\sketchy_dataset_photocues\tx_000100000000\jack-o-lantern\n03590841_6907.jpg
FALSE,FALSE,jack-o-lantern,F:\sketchy_dataset_photocues\tx_000100000000\jack-o-lantern\n03590841_6926.jpg
FALSE,FALSE,jack-o-lantern,F:\sketchy_dataset_photocues\tx_000100000000\jack-o-lantern\n03590841_7100.jpg
FALSE,FALSE,jack-o-lantern,F:\sketchy_dataset_photocues\tx_000100000000\jack-o-lantern\n03590841_9961.jpg
FALSE,FALSE,jack-o-lantern,F:\sketchy_dataset_photocues\tx_000100000000\jack-o-lantern\n03590841_9990.jpg
FALSE,FALSE,jack-o-lantern,F:\sketchy_dataset_photocues\tx_000100000000\jack-o-lantern\n03590841_10370.jpg
FALSE,FALSE,jack-o-lantern,F:\sketchy_dataset_photocues\tx_000100000000\jack-o-lantern\n03590841_11282.jpg
FALSE,FALSE,jack-o-lantern,F:\sketchy_dataset_photocues\tx_000100000000\jack-o-lantern\n03590841_11414.jpg
FALSE,FALSE,jack-o-lantern,F:\sketchy_dataset_photocues\tx_000100000000\jack-o-lantern\n03590841_11500.jpg
FALSE,FALSE,jack-o-lantern,F:\sketchy_dataset_photocues\tx_000100000000\jack-o-lantern\n03590841_11770.jpg
FALSE,FALSE,motorcycle,F:\sketchy_dataset_photocues\tx_000100000000\motorcycle\n03790512_345.jpg
FALSE,FALSE,motorcycle,F:\sketchy_dataset_photocues\tx_000100000000\motorcycle\n03790512_393.jpg
FALSE,FALSE,motorcycle,F:\sketchy_dataset_photocues\tx_000100000000\motorcycle\n03790512_518.jpg
FALSE,FALSE,motorcycle,F:\sketchy_dataset_photocues\tx_000100000000\motorcycle\n03790512_835.jpg
FALSE,FALSE,motorcycle,F:\sketchy_dataset_photocues\tx_000100000000\motorcycle\n03790512_948.jpg
FALSE,FALSE,motorcycle,F:\sketchy_dataset_photocues\tx_000100000000\motorcycle\n03790512_1652.jpg
FALSE,FALSE,motorcycle,F:\sketchy_dataset_photocues\tx_000100000000\motorcycle\n03790512_1734.jpg
FALSE,FALSE,motorcycle,F:\sketchy_dataset_photocues\tx_000100000000\motorcycle\n03790512_1748.jpg
FALSE,FALSE,motorcycle,F:\sketchy_dataset_photocues\tx_000100000000\motorcycle\n03790512_1768.jpg
FALSE,FALSE,motorcycle,F:\sketchy_dataset_photocues\tx_000100000000\motorcycle\n03790512_1897.jpg
FALSE,FALSE,motorcycle,F:\sketchy_dataset_photocues\tx_000100000000\motorcycle\n03790512_2611.jpg
FALSE,FALSE,motorcycle,F:\sketchy_dataset_photocues\tx_000100000000\motorcycle\n03790512_2777.jpg
FALSE,FALSE,motorcycle,F:\sketchy_dataset_photocues\tx_000100000000\motorcycle\n03790512_3266.jpg
FALSE,FALSE,motorcycle,F:\sketchy_dataset_photocues\tx_000100000000\motorcycle\n03790512_3516.jpg
FALSE,FALSE,motorcycle,F:\sketchy_dataset_photocues\tx_000100000000\motorcycle\n03790512_3751.jpg
FALSE,FALSE,motorcycle,F:\sketchy_dataset_photocues\tx_000100000000\motorcycle\n03790512_4315.jpg
FALSE,FALSE,motorcycle,F:\sketchy_dataset_photocues\tx_000100000000\motorcycle\n03790512_5014.jpg
FALSE,FALSE,motorcycle,F:\sketchy_dataset_photocues\tx_000100000000\motorcycle\n03790512_5246.jpg
FALSE,FALSE,motorcycle,F:\sketchy_dataset_photocues\tx_000100000000\motorcycle\n03790512_5634.jpg
FALSE,FALSE,motorcycle,F:\sketchy_dataset_photocues\tx_000100000000\motorcycle\n03790512_5702.jpg
FALSE,FALSE,motorcycle,F:\sketchy_dataset_photocues\tx_000100000000\motorcycle\n03790512_6491.jpg
FALSE,FALSE,motorcycle,F:\sketchy_dataset_photocues\tx_000100000000\motorcycle\n03790512_9155.jpg
FALSE,FALSE,motorcycle,F:\sketchy_dataset_photocues\tx_000100000000\motorcycle\n03790512_12076.jpg
FALSE,FALSE,motorcycle,F:\sketchy_dataset_photocues\tx_000100000000\motorcycle\n03790512_12908.jpg
FALSE,FALSE,motorcycle,F:\sketchy_dataset_photocues\tx_000100000000\motorcycle\n03790512_13361.jpg
FALSE,FALSE,motorcycle,F:\sketchy_dataset_photocues\tx_000100000000\motorcycle\n03790512_13869.jpg
FALSE,FALSE,motorcycle,F:\sketchy_dataset_photocues\tx_000100000000\motorcycle\n03790512_14329.jpg
FALSE,FALSE,motorcycle,F:\sketchy_dataset_photocues\tx_000100000000\motorcycle\n03790512_14347.jpg
FALSE,FALSE,motorcycle,F:\sketchy_dataset_photocues\tx_000100000000\motorcycle\n03790512_15268.jpg
FALSE,FALSE,motorcycle,F:\sketchy_dataset_photocues\tx_000100000000\motorcycle\n03790512_28698.jpg
FALSE,FALSE,motorcycle,F:\sketchy_dataset_photocues\tx_000100000000\motorcycle\n03790512_37275.jpg
FALSE,FALSE,motorcycle,F:\sketchy_dataset_photocues\tx_000100000000\motorcycle\n03790512_38630.jpg
FALSE,FALSE,saw,F:\sketchy_dataset_photocues\tx_000100000000\saw\n02770585_1371.jpg
FALSE,FALSE,saw,F:\sketchy_dataset_photocues\tx_000100000000\saw\n02770585_1648.jpg
FALSE,FALSE,saw,F:\sketchy_dataset_photocues\tx_000100000000\saw\n02770585_3674.jpg
FALSE,FALSE,saw,F:\sketchy_dataset_photocues\tx_000100000000\saw\n02770585_4664.jpg
FALSE,FALSE,saw,F:\sketchy_dataset_photocues\tx_000100000000\saw\n02770585_5006.jpg
FALSE,FALSE,saw,F:\sketchy_dataset_photocues\tx_000100000000\saw\n02770585_8967.jpg
FALSE,FALSE,saw,F:\sketchy_dataset_photocues\tx_000100000000\saw\n03474779_668.jpg
FALSE,FALSE,saw,F:\sketchy_dataset_photocues\tx_000100000000\saw\n03474779_2195.jpg
FALSE,FALSE,saw,F:\sketchy_dataset_photocues\tx_000100000000\saw\n03474779_2840.jpg
FALSE,FALSE,saw,F:\sketchy_dataset_photocues\tx_000100000000\saw\n03474779_4314.jpg
FALSE,FALSE,saw,F:\sketchy_dataset_photocues\tx_000100000000\saw\n03474779_15570.jpg
FALSE,FALSE,saw,F:\sketchy_dataset_photocues\tx_000100000000\saw\n03474779_23932.jpg
FALSE,FALSE,saw,F:\sketchy_dataset_photocues\tx_000100000000\saw\n03474779_24156.jpg
FALSE,FALSE,saw,F:\sketchy_dataset_photocues\tx_000100000000\saw\n03474779_25176.jpg
FALSE,FALSE,saw,F:\sketchy_dataset_photocues\tx_000100000000\saw\n04140064_563.jpg
FALSE,FALSE,saw,F:\sketchy_dataset_photocues\tx_000100000000\saw\n04140064_6760.jpg
FALSE,FALSE,saw,F:\sketchy_dataset_photocues\tx_000100000000\saw\n04140064_6895.jpg
FALSE,FALSE,saw,F:\sketchy_dataset_photocues\tx_000100000000\saw\n04140064_7787.jpg
FALSE,FALSE,saw,F:\sketchy_dataset_photocues\tx_000100000000\saw\n04140064_8236.jpg
FALSE,FALSE,saw,F:\sketchy_dataset_photocues\tx_000100000000\saw\n04140064_8515.jpg
FALSE,FALSE,saw,F:\sketchy_dataset_photocues\tx_000100000000\saw\n04140064_10178.jpg
FALSE,FALSE,saw,F:\sketchy_dataset_photocues\tx_000100000000\saw\n04140064_10257.jpg
FALSE,FALSE,saw,F:\sketchy_dataset_photocues\tx_000100000000\saw\n04140064_12457.jpg
FALSE,FALSE,saw,F:\sketchy_dataset_photocues\tx_000100000000\saw\n04140064_17074.jpg
FALSE,FALSE,saw,F:\sketchy_dataset_photocues\tx_000100000000\saw\n04140064_18657.jpg
FALSE,FALSE,saw,F:\sketchy_dataset_photocues\tx_000100000000\saw\n04140064_23158.jpg
FALSE,FALSE,saw,F:\sketchy_dataset_photocues\tx_000100000000\saw\n04140064_26866.jpg
FALSE,FALSE,saw,F:\sketchy_dataset_photocues\tx_000100000000\saw\n04140064_31324.jpg
FALSE,FALSE,saw,F:\sketchy_dataset_photocues\tx_000100000000\saw\n04140064_34385.jpg
FALSE,FALSE,saw,F:\sketchy_dataset_photocues\tx_000100000000\saw\n04140064_35526.jpg
FALSE,FALSE,saw,F:\sketchy_dataset_photocues\tx_000100000000\saw\n04140064_43834.jpg
FALSE,FALSE,saw,F:\sketchy_dataset_photocues\tx_000100000000\saw\n04140064_45049.jpg
FALSE,FALSE,windmill,F:\sketchy_dataset_photocues\tx_000100000000\windmill\n04587404_1621.jpg
FALSE,FALSE,windmill,F:\sketchy_dataset_photocues\tx_000100000000\windmill\n04587404_12546.jpg
FALSE,FALSE,windmill,F:\sketchy_dataset_photocues\tx_000100000000\windmill\n04587404_12657.jpg
FALSE,FALSE,windmill,F:\sketchy_dataset_photocues\tx_000100000000\windmill\n04587404_12744.jpg
FALSE,FALSE,windmill,F:\sketchy_dataset_photocues\tx_000100000000\windmill\n04587404_13918.jpg
FALSE,FALSE,windmill,F:\sketchy_dataset_photocues\tx_000100000000\windmill\n04587404_14056.jpg
FALSE,FALSE,windmill,F:\sketchy_dataset_photocues\tx_000100000000\windmill\n04587404_14110.jpg
FALSE,FALSE,windmill,F:\sketchy_dataset_photocues\tx_000100000000\windmill\n04587404_14153.jpg
FALSE,FALSE,windmill,F:\sketchy_dataset_photocues\tx_000100000000\windmill\n04587404_17970.jpg
FALSE,FALSE,windmill,F:\sketchy_dataset_photocues\tx_000100000000\windmill\n04587404_18560.jpg
FALSE,FALSE,windmill,F:\sketchy_dataset_photocues\tx_000100000000\windmill\n04587559_5532.jpg
FALSE,FALSE,windmill,F:\sketchy_dataset_photocues\tx_000100000000\windmill\n04587559_8430.jpg
FALSE,FALSE,windmill,F:\sketchy_dataset_photocues\tx_000100000000\windmill\n04587559_8471.jpg
FALSE,FALSE,windmill,F:\sketchy_dataset_photocues\tx_000100000000\windmill\n04587559_8803.jpg
FALSE,FALSE,windmill,F:\sketchy_dataset_photocues\tx_000100000000\windmill\n04587559_9068.jpg
FALSE,FALSE,windmill,F:\sketchy_dataset_photocues\tx_000100000000\windmill\n04587559_9281.jpg
FALSE,FALSE,windmill,F:\sketchy_dataset_photocues\tx_000100000000\windmill\n04587559_9556.jpg
FALSE,FALSE,windmill,F:\sketchy_dataset_photocues\tx_000100000000\windmill\n04587559_9715.jpg
FALSE,FALSE,windmill,F:\sketchy_dataset_photocues\tx_000100000000\windmill\n04587559_9838.jpg
FALSE,FALSE,windmill,F:\sketchy_dataset_photocues\tx_000100000000\windmill\n04587559_10126.jpg
FALSE,FALSE,windmill,F:\sketchy_dataset_photocues\tx_000100000000\windmill\n04587559_10835.jpg
FALSE,FALSE,windmill,F:\sketchy_dataset_photocues\tx_000100000000\windmill\n04587559_11131.jpg
FALSE,FALSE,windmill,F:\sketchy_dataset_photocues\tx_000100000000\windmill\n04587559_11219.jpg
FALSE,FALSE,windmill,F:\sketchy_dataset_photocues\tx_000100000000\windmill\n04587559_11329.jpg
FALSE,FALSE,windmill,F:\sketchy_dataset_photocues\tx_000100000000\windmill\n04587559_11610.jpg
FALSE,FALSE,windmill,F:\sketchy_dataset_photocues\tx_000100000000\windmill\n04587559_11917.jpg
FALSE,FALSE,windmill,F:\sketchy_dataset_photocues\tx_000100000000\windmill\n04587559_11940.jpg
FALSE,FALSE,windmill,F:\sketchy_dataset_photocues\tx_000100000000\windmill\n04587559_12552.jpg
FALSE,FALSE,windmill,F:\sketchy_dataset_photocues\tx_000100000000\windmill\n04587559_13066.jpg
FALSE,FALSE,windmill,F:\sketchy_dataset_photocues\tx_000100000000\windmill\n04587559_13173.jpg
FALSE,FALSE,windmill,F:\sketchy_dataset_photocues\tx_000100000000\windmill\n04587559_13336.jpg
FALSE,FALSE,windmill,F:\sketchy_dataset_photocues\tx_000100000000\windmill\n04587559_13406.jpg